,,,,,B-28  'OTHER WORKERS'  BY DISTANCE FROM RESIDENCE TO PLACE OF WORK AND MODE OF TRAVEL TO PLACE OF WORK,,,,,,,,,,,,,,,,,,,,,,,,,,,,,,
Table,State,Distt.,Total/,Area Name,Mode of travel,Total ,,,Distance to place of work in kilometres,,,,,,,,,,,,,,,,,,,,,,,,,,
Name,Code,Code,Rural/,,,,,,No travel,,,0-1,,,2-5,,,6-10,,,11-20,,,21-30,,,31-50,,,51+,,,Distance not stated,,
,,,Urban/,,,Persons,Male,Female,Persons,Male,Female,Persons,Male,Female,Persons,Male,Female,Persons,Male,Female,Persons,Male,Female,Persons,Male,Female,Persons,Male,Female,Persons,Male,Female,Persons,Male,Female
,,,,,1,2,3,4,5,6,7,8,9,10,11,12,13,14,15,16,17,18,19,20,21,22,23,24,25,26,27,28,29,30,31
,,,,,,,,,,,,,,,,,,,,,,,,,,,,,,,,,,,
B0128,00,000,Total,INDIA,All Modes,200408230,156658074,43750156,60174308,40600323,19573985,32699104,24802972,7896132,45752670,37910221,7842449,27365589,22979785,4385804,13323946,11601706,1722240,7510524,6683679,826845,4864535,4285361,579174,5237375,4755245,482130,3480179,3038782,441397
B0128,00,000,Total,INDIA,On foot,45266568,32179223,13087345,0,0,0,23745884,16739631,7006253,14297484,10098221,4199263,7223200,5341371,1881829,0,0,0,0,0,0,0,0,0,0,0,0,0,0,0
B0128,00,000,Total,INDIA,Bicycle,26272609,25126597,1146012,0,0,0,3707522,3517683,189839,13030315,12442947,587368,5324105,5140133,183972,1944975,1884277,60698,2265692,2141557,124135,0,0,0,0,0,0,0,0,0
B0128,00,000,Total,INDIA,Moped/Scooter/Motor Cycle,25464837,23515078,1949759,0,0,0,3181808,2930474,251334,9692650,8859234,833416,5695234,5263224,432010,3443182,3225844,217338,1115748,1059459,56289,765674,725578,40096,332926,314677,18249,1237615,1136588,101027
B0128,00,000,Total,INDIA,Car/Jeep/Van,5476050,4554050,922000,0,0,0,451265,369365,81900,1416759,1137119,279640,1173018,965154,207864,1015482,847623,167859,472356,401362,70994,391698,344461,47237,274099,249483,24616,281373,239483,41890
B0128,00,000,Total,INDIA,Tempo/Autorickshaw/Taxi,6040414,4833680,1206734,0,0,0,443486,344181,99305,2106958,1548698,558260,1536981,1247827,289154,892688,762659,130029,308772,275545,33227,243986,219342,24644,155089,142874,12215,352454,292554,59900
B0128,00,000,Total,INDIA,Bus,22901495,18149317,4752178,0,0,0,735997,537038,198959,4303131,3055059,1248072,5399703,4158260,1241443,4745456,3798462,946994,2381647,1978892,402755,2193470,1883255,310215,2327868,2073725,254143,814223,664626,149597
B0128,00,000,Total,INDIA,Train,7015528,6080715,934813,0,0,0,242561,201074,41487,490647,408221,82426,692189,573660,118529,1059169,880130,179039,857873,726906,130967,1147380,997416,149964,1929085,1765359,163726,596624,527949,68675
B0128,00,000,Total,INDIA,Water transport,489029,458318,30711,0,0,0,43912,38470,5442,79863,73110,6753,86721,80347,6374,73540,70067,3473,42179,40647,1532,47148,45560,1588,72418,70342,2076,43248,39775,3473
B0128,00,000,Total,INDIA,Any other,1307392,1160773,146619,0,0,0,146669,125056,21613,334863,287612,47251,234438,209809,24629,149454,132644,16810,66257,59311,6946,75179,69749,5430,145890,138785,7105,154642,137807,16835
B0128,00,000,Total,INDIA,No travel,60174308,40600323,19573985,60174308,40600323,19573985,0,0,0,0,0,0,0,0,0,0,0,0,0,0,0,0,0,0,0,0,0,0,0,0
B0128,00,000,Rural,INDIA,All Modes,84710666,63144697,21565969,32451511,20691395,11760116,12024141,8251236,3772905,15074760,12030492,3044268,10436285,8765695,1670590,5518761,4981523,537238,3171256,2894217,277039,2152062,1959302,192760,2899043,2688243,210800,982847,882594,100253
B0128,00,000,Rural,INDIA,On foot,18549088,11989059,6560029,0,0,0,9542000,6023680,3518320,5984270,3873293,2110977,3022818,2092086,930732,0,0,0,0,0,0,0,0,0,0,0,0,0,0,0
B0128,00,000,Rural,INDIA,Bicycle,11219245,10709222,510023,0,0,0,1290568,1205427,85141,4909736,4659965,249771,2803347,2712919,90428,1223805,1192332,31473,991789,938579,53210,0,0,0,0,0,0,0,0,0
B0128,00,000,Rural,INDIA,Moped/Scooter/Motor Cycle,6370733,5968131,402602,0,0,0,570861,524328,46533,1836064,1691827,144237,1527058,1436012,91046,1236465,1176971,59494,482984,462650,20334,326355,312553,13802,147621,140857,6764,243325,222933,20392
B0128,00,000,Rural,INDIA,Car/Jeep/Van,1260364,1066507,193857,0,0,0,96306,78758,17548,274558,216241,58317,261122,215879,45243,236041,203428,32613,117305,103968,13337,116453,105484,10969,103031,94500,8531,55548,48249,7299
B0128,00,000,Rural,INDIA,Tempo/Autorickshaw/Taxi,2110817,1796229,314588,0,0,0,113722,94163,19559,545170,432774,112396,602365,509229,93136,446264,395121,51143,149875,136865,13010,100080,92531,7549,66091,61406,4685,87250,74140,13110
B0128,00,000,Rural,INDIA,Bus,9660266,8073956,1586310,0,0,0,252871,191343,61528,1239840,904120,335720,1935644,1541996,393648,2088434,1750249,338185,1201794,1042806,158988,1216404,1084452,131952,1447905,1318657,129248,277374,240333,37041
B0128,00,000,Rural,INDIA,Train,2191327,2027231,164096,0,0,0,79471,66415,13056,110812,97884,12928,115119,103905,11214,161634,146406,15228,164277,149503,14774,319251,293863,25388,1000987,944578,56409,239776,224677,15099
B0128,00,000,Rural,INDIA,Water transport,303524,287554,15970,0,0,0,24353,21149,3204,48394,45108,3286,54738,51279,3459,46712,45072,1640,28522,27671,851,32136,31239,897,47219,46089,1130,21450,19947,1503
B0128,00,000,Rural,INDIA,Any other,593791,535413,58378,0,0,0,53989,45973,8016,125916,109280,16636,114074,102390,11684,79406,71944,7462,34710,32175,2535,41383,39180,2203,86189,82156,4033,58124,52315,5809
B0128,00,000,Rural,INDIA,No travel,32451511,20691395,11760116,32451511,20691395,11760116,0,0,0,0,0,0,0,0,0,0,0,0,0,0,0,0,0,0,0,0,0,0,0,0
B0128,00,000,Urban,INDIA,All Modes,115697564,93513377,22184187,27722797,19908928,7813869,20674963,16551736,4123227,30677910,25879729,4798181,16929304,14214090,2715214,7805185,6620183,1185002,4339268,3789462,549806,2712473,2326059,386414,2338332,2067002,271330,2497332,2156188,341144
B0128,00,000,Urban,INDIA,On foot,26717480,20190164,6527316,0,0,0,14203884,10715951,3487933,8313214,6224928,2088286,4200382,3249285,951097,0,0,0,0,0,0,0,0,0,0,0,0,0,0,0
B0128,00,000,Urban,INDIA,Bicycle,15053364,14417375,635989,0,0,0,2416954,2312256,104698,8120579,7782982,337597,2520758,2427214,93544,721170,691945,29225,1273903,1202978,70925,0,0,0,0,0,0,0,0,0
B0128,00,000,Urban,INDIA,Moped/Scooter/Motor Cycle,19094104,17546947,1547157,0,0,0,2610947,2406146,204801,7856586,7167407,689179,4168176,3827212,340964,2206717,2048873,157844,632764,596809,35955,439319,413025,26294,185305,173820,11485,994290,913655,80635
B0128,00,000,Urban,INDIA,Car/Jeep/Van,4215686,3487543,728143,0,0,0,354959,290607,64352,1142201,920878,221323,911896,749275,162621,779441,644195,135246,355051,297394,57657,275245,238977,36268,171068,154983,16085,225825,191234,34591
B0128,00,000,Urban,INDIA,Tempo/Autorickshaw/Taxi,3929597,3037451,892146,0,0,0,329764,250018,79746,1561788,1115924,445864,934616,738598,196018,446424,367538,78886,158897,138680,20217,143906,126811,17095,88998,81468,7530,265204,218414,46790
B0128,00,000,Urban,INDIA,Bus,13241229,10075361,3165868,0,0,0,483126,345695,137431,3063291,2150939,912352,3464059,2616264,847795,2657022,2048213,608809,1179853,936086,243767,977066,798803,178263,879963,755068,124895,536849,424293,112556
B0128,00,000,Urban,INDIA,Train,4824201,4053484,770717,0,0,0,163090,134659,28431,379835,310337,69498,577070,469755,107315,897535,733724,163811,693596,577403,116193,828129,703553,124576,928098,820781,107317,356848,303272,53576
B0128,00,000,Urban,INDIA,Water transport,185505,170764,14741,0,0,0,19559,17321,2238,31469,28002,3467,31983,29068,2915,26828,24995,1833,13657,12976,681,15012,14321,691,25199,24253,946,21798,19828,1970
B0128,00,000,Urban,INDIA,Any other,713601,625360,88241,0,0,0,92680,79083,13597,208947,178332,30615,120364,107419,12945,70048,60700,9348,31547,27136,4411,33796,30569,3227,59701,56629,3072,96518,85492,11026
B0128,00,000,Urban,INDIA,No travel,27722797,19908928,7813869,27722797,19908928,7813869,0,0,0,0,0,0,0,0,0,0,0,0,0,0,0,0,0,0,0,0,0,0,0,0
B0128,01,000,Total,JAMMU & KASHMIR,All Modes,2357106,1923881,433225,1068975,833250,235725,257897,196778,61119,351858,299458,52400,307437,262304,45133,132944,117033,15911,56719,50705,6014,53488,48343,5145,87450,80911,6539,40338,35099,5239
B0128,01,000,Total,JAMMU & KASHMIR,On foot,505585,403817,101768,0,0,0,222643,166329,56314,171048,144577,26471,111894,92911,18983,0,0,0,0,0,0,0,0,0,0,0,0,0,0,0
B0128,01,000,Total,JAMMU & KASHMIR,Bicycle,39999,37798,2201,0,0,0,3577,3200,377,18827,17941,886,9617,9267,350,3297,3146,151,4681,4244,437,0,0,0,0,0,0,0,0,0
B0128,01,000,Total,JAMMU & KASHMIR,Moped/Scooter/Motor Cycle,85012,79912,5100,0,0,0,7441,6971,470,29578,27622,1956,23286,21926,1360,13721,13060,661,3634,3488,146,2340,2228,112,1214,1140,74,3798,3477,321
B0128,01,000,Total,JAMMU & KASHMIR,Car/Jeep/Van,78022,66314,11708,0,0,0,4659,3862,797,18781,15660,3121,20458,17249,3209,14123,12106,2017,4886,4260,626,4892,4293,599,5905,5197,708,4318,3687,631
B0128,01,000,Total,JAMMU & KASHMIR,Tempo/Autorickshaw/Taxi,36487,30331,6156,0,0,0,1824,1521,303,11555,9094,2461,10023,8224,1799,5110,4404,706,1865,1648,217,1593,1438,155,2333,2127,206,2184,1875,309
B0128,01,000,Total,JAMMU & KASHMIR,Bus,503825,436496,67329,0,0,0,15178,12605,2573,95245,78360,16885,126983,108077,18906,94005,81874,12131,40371,35886,4485,42994,38822,4172,65561,60713,4848,23488,20159,3329
B0128,01,000,Total,JAMMU & KASHMIR,Train,19501,18097,1404,0,0,0,900,763,137,1519,1342,177,1383,1273,110,555,495,60,353,323,30,770,713,57,10162,9595,567,3859,3593,266
B0128,01,000,Total,JAMMU & KASHMIR,Water transport,6864,6251,613,0,0,0,851,766,85,2930,2777,153,1282,1143,139,530,488,42,242,219,23,154,146,8,260,234,26,615,478,137
B0128,01,000,Total,JAMMU & KASHMIR,Any other,12836,11615,1221,0,0,0,824,761,63,2375,2085,290,2511,2234,277,1603,1460,143,687,637,50,745,703,42,2015,1905,110,2076,1830,246
B0128,01,000,Total,JAMMU & KASHMIR,No travel,1068975,833250,235725,1068975,833250,235725,0,0,0,0,0,0,0,0,0,0,0,0,0,0,0,0,0,0,0,0,0,0,0,0
B0128,01,000,Rural,JAMMU & KASHMIR,All Modes,1301032,1036764,264268,586340,429404,156936,139619,96019,43600,181243,154880,26363,159634,138821,20813,73497,67695,5802,38542,35517,3025,38753,36034,2719,64531,61174,3357,18873,17220,1653
B0128,01,000,Rural,JAMMU & KASHMIR,On foot,315285,240964,74321,0,0,0,125234,83536,41698,115937,96692,19245,74114,60736,13378,0,0,0,0,0,0,0,0,0,0,0,0,0,0,0
B0128,01,000,Rural,JAMMU & KASHMIR,Bicycle,19165,18212,953,0,0,0,1562,1322,240,8326,7976,350,5033,4920,113,1822,1776,46,2422,2218,204,0,0,0,0,0,0,0,0,0
B0128,01,000,Rural,JAMMU & KASHMIR,Moped/Scooter/Motor Cycle,26211,25103,1108,0,0,0,1799,1682,117,7073,6694,379,6346,6139,207,5762,5581,181,2242,2188,54,1274,1232,42,651,619,32,1064,968,96
B0128,01,000,Rural,JAMMU & KASHMIR,Car/Jeep/Van,22898,20307,2591,0,0,0,1376,1141,235,4111,3581,530,4127,3689,438,3969,3596,373,2293,2056,237,2588,2314,274,3320,2950,370,1114,980,134
B0128,01,000,Rural,JAMMU & KASHMIR,Tempo/Autorickshaw/Taxi,16659,14868,1791,0,0,0,665,560,105,4439,3763,676,4418,4003,415,2560,2359,201,1135,1043,92,944,883,61,1578,1474,104,920,783,137
B0128,01,000,Rural,JAMMU & KASHMIR,Bus,290799,265594,25205,0,0,0,7803,6775,1028,37684,32753,4931,62616,56592,6024,57733,52840,4893,29491,27119,2372,32768,30490,2278,50533,47901,2632,12171,11124,1047
B0128,01,000,Rural,JAMMU & KASHMIR,Train,12875,12321,554,0,0,0,551,456,95,892,806,86,898,855,43,327,307,20,243,230,13,553,524,29,6956,6793,163,2455,2350,105
B0128,01,000,Rural,JAMMU & KASHMIR,Water transport,3450,3126,324,0,0,0,211,160,51,1617,1549,68,607,531,76,224,207,17,187,168,19,90,87,3,182,166,16,332,258,74
B0128,01,000,Rural,JAMMU & KASHMIR,Any other,7350,6865,485,0,0,0,418,387,31,1164,1066,98,1475,1356,119,1100,1029,71,529,495,34,536,504,32,1311,1271,40,817,757,60
B0128,01,000,Rural,JAMMU & KASHMIR,No travel,586340,429404,156936,586340,429404,156936,0,0,0,0,0,0,0,0,0,0,0,0,0,0,0,0,0,0,0,0,0,0,0,0
B0128,01,000,Urban,JAMMU & KASHMIR,All Modes,1056074,887117,168957,482635,403846,78789,118278,100759,17519,170615,144578,26037,147803,123483,24320,59447,49338,10109,18177,15188,2989,14735,12309,2426,22919,19737,3182,21465,17879,3586
B0128,01,000,Urban,JAMMU & KASHMIR,On foot,190300,162853,27447,0,0,0,97409,82793,14616,55111,47885,7226,37780,32175,5605,0,0,0,0,0,0,0,0,0,0,0,0,0,0,0
B0128,01,000,Urban,JAMMU & KASHMIR,Bicycle,20834,19586,1248,0,0,0,2015,1878,137,10501,9965,536,4584,4347,237,1475,1370,105,2259,2026,233,0,0,0,0,0,0,0,0,0
B0128,01,000,Urban,JAMMU & KASHMIR,Moped/Scooter/Motor Cycle,58801,54809,3992,0,0,0,5642,5289,353,22505,20928,1577,16940,15787,1153,7959,7479,480,1392,1300,92,1066,996,70,563,521,42,2734,2509,225
B0128,01,000,Urban,JAMMU & KASHMIR,Car/Jeep/Van,55124,46007,9117,0,0,0,3283,2721,562,14670,12079,2591,16331,13560,2771,10154,8510,1644,2593,2204,389,2304,1979,325,2585,2247,338,3204,2707,497
B0128,01,000,Urban,JAMMU & KASHMIR,Tempo/Autorickshaw/Taxi,19828,15463,4365,0,0,0,1159,961,198,7116,5331,1785,5605,4221,1384,2550,2045,505,730,605,125,649,555,94,755,653,102,1264,1092,172
B0128,01,000,Urban,JAMMU & KASHMIR,Bus,213026,170902,42124,0,0,0,7375,5830,1545,57561,45607,11954,64367,51485,12882,36272,29034,7238,10880,8767,2113,10226,8332,1894,15028,12812,2216,11317,9035,2282
B0128,01,000,Urban,JAMMU & KASHMIR,Train,6626,5776,850,0,0,0,349,307,42,627,536,91,485,418,67,228,188,40,110,93,17,217,189,28,3206,2802,404,1404,1243,161
B0128,01,000,Urban,JAMMU & KASHMIR,Water transport,3414,3125,289,0,0,0,640,606,34,1313,1228,85,675,612,63,306,281,25,55,51,4,64,59,5,78,68,10,283,220,63
B0128,01,000,Urban,JAMMU & KASHMIR,Any other,5486,4750,736,0,0,0,406,374,32,1211,1019,192,1036,878,158,503,431,72,158,142,16,209,199,10,704,634,70,1259,1073,186
B0128,01,000,Urban,JAMMU & KASHMIR,No travel,482635,403846,78789,482635,403846,78789,0,0,0,0,0,0,0,0,0,0,0,0,0,0,0,0,0,0,0,0,0,0,0,0
B0128,02,000,Total,HIMACHAL PRADESH,All Modes,1263603,996992,266611,368439,263932,104507,240815,175743,65072,285847,235985,49862,179370,153623,25747,79856,69608,10248,35096,30782,4314,30153,27120,3033,36796,33964,2832,7231,6235,996
B0128,02,000,Total,HIMACHAL PRADESH,On foot,440590,336689,103901,0,0,0,211330,150610,60720,162570,130650,31920,66690,55429,11261,0,0,0,0,0,0,0,0,0,0,0,0,0,0,0
B0128,02,000,Total,HIMACHAL PRADESH,Bicycle,24930,23648,1282,0,0,0,3052,2727,325,12666,12162,504,5726,5542,184,1796,1712,84,1690,1505,185,0,0,0,0,0,0,0,0,0
B0128,02,000,Total,HIMACHAL PRADESH,Moped/Scooter/Motor Cycle,71009,66801,4208,0,0,0,9400,8601,799,26343,24558,1785,15740,15003,737,10595,10150,445,3669,3551,118,2544,2461,83,1421,1347,74,1297,1130,167
B0128,02,000,Total,HIMACHAL PRADESH,Car/Jeep/Van,35936,31595,4341,0,0,0,4721,4041,680,12230,10624,1606,7058,6216,842,4982,4431,551,2171,1947,224,2136,1972,164,1917,1734,183,721,630,91
B0128,02,000,Total,HIMACHAL PRADESH,Tempo/Autorickshaw/Taxi,9741,8345,1396,0,0,0,951,786,165,3130,2541,589,2072,1839,233,1376,1197,179,619,544,75,543,490,53,721,664,57,329,284,45
B0128,02,000,Total,HIMACHAL PRADESH,Bus,304312,258067,46245,0,0,0,10334,8108,2226,67453,54141,13312,80776,68406,12370,60158,51248,8910,26461,22780,3681,24195,21493,2702,30756,28330,2426,4179,3561,618
B0128,02,000,Total,HIMACHAL PRADESH,Train,4582,4163,419,0,0,0,535,427,108,591,519,72,452,411,41,404,363,41,295,274,21,429,406,23,1451,1389,62,425,374,51
B0128,02,000,Total,HIMACHAL PRADESH,Water transport,778,689,89,0,0,0,111,97,14,187,166,21,229,202,27,85,73,12,27,24,3,33,30,3,64,58,6,42,39,3
B0128,02,000,Total,HIMACHAL PRADESH,Any other,3286,3063,223,0,0,0,381,346,35,677,624,53,627,575,52,460,434,26,164,157,7,273,268,5,466,442,24,238,217,21
B0128,02,000,Total,HIMACHAL PRADESH,No travel,368439,263932,104507,368439,263932,104507,0,0,0,0,0,0,0,0,0,0,0,0,0,0,0,0,0,0,0,0,0,0,0,0
B0128,02,000,Rural,HIMACHAL PRADESH,All Modes,1018325,804125,214200,299859,210447,89412,173254,121358,51896,233093,194498,38595,147957,129092,18865,69196,61821,7375,30364,27385,2979,25929,23744,2185,32843,30687,2156,5830,5093,737
B0128,02,000,Rural,HIMACHAL PRADESH,On foot,346177,261268,84909,0,0,0,152428,103509,48919,138596,111610,26986,55153,46149,9004,0,0,0,0,0,0,0,0,0,0,0,0,0,0,0
B0128,02,000,Rural,HIMACHAL PRADESH,Bicycle,22373,21347,1026,0,0,0,2437,2185,252,11483,11067,416,5326,5177,149,1663,1597,66,1464,1321,143,0,0,0,0,0,0,0,0,0
B0128,02,000,Rural,HIMACHAL PRADESH,Moped/Scooter/Motor Cycle,57213,54200,3013,0,0,0,5872,5357,515,20287,19079,1208,13861,13284,577,9438,9086,352,3275,3181,94,2244,2175,69,1244,1182,62,992,856,136
B0128,02,000,Rural,HIMACHAL PRADESH,Car/Jeep/Van,22689,20388,2301,0,0,0,2606,2256,350,7082,6322,760,4616,4151,465,3630,3302,328,1533,1401,132,1440,1347,93,1331,1219,112,451,390,61
B0128,02,000,Rural,HIMACHAL PRADESH,Tempo/Autorickshaw/Taxi,7890,7033,857,0,0,0,705,593,112,2383,2053,330,1739,1585,154,1188,1069,119,549,498,51,448,419,29,626,591,35,252,225,27
B0128,02,000,Rural,HIMACHAL PRADESH,Bus,254330,222240,32090,0,0,0,8404,6785,1619,51944,43156,8788,66062,57648,8414,52385,45937,6448,23081,20550,2531,21092,19125,1967,27796,25932,1864,3566,3107,459
B0128,02,000,Rural,HIMACHAL PRADESH,Train,4179,3832,347,0,0,0,426,335,91,528,472,56,422,387,35,383,350,33,282,263,19,418,396,22,1353,1298,55,367,331,36
B0128,02,000,Rural,HIMACHAL PRADESH,Water transport,657,588,69,0,0,0,85,73,12,167,150,17,190,171,19,76,69,7,25,22,3,26,24,2,57,51,6,31,28,3
B0128,02,000,Rural,HIMACHAL PRADESH,Any other,2958,2782,176,0,0,0,291,265,26,623,589,34,588,540,48,433,411,22,155,149,6,261,258,3,436,414,22,171,156,15
B0128,02,000,Rural,HIMACHAL PRADESH,No travel,299859,210447,89412,299859,210447,89412,0,0,0,0,0,0,0,0,0,0,0,0,0,0,0,0,0,0,0,0,0,0,0,0
B0128,02,000,Urban,HIMACHAL PRADESH,All Modes,245278,192867,52411,68580,53485,15095,67561,54385,13176,52754,41487,11267,31413,24531,6882,10660,7787,2873,4732,3397,1335,4224,3376,848,3953,3277,676,1401,1142,259
B0128,02,000,Urban,HIMACHAL PRADESH,On foot,94413,75421,18992,0,0,0,58902,47101,11801,23974,19040,4934,11537,9280,2257,0,0,0,0,0,0,0,0,0,0,0,0,0,0,0
B0128,02,000,Urban,HIMACHAL PRADESH,Bicycle,2557,2301,256,0,0,0,615,542,73,1183,1095,88,400,365,35,133,115,18,226,184,42,0,0,0,0,0,0,0,0,0
B0128,02,000,Urban,HIMACHAL PRADESH,Moped/Scooter/Motor Cycle,13796,12601,1195,0,0,0,3528,3244,284,6056,5479,577,1879,1719,160,1157,1064,93,394,370,24,300,286,14,177,165,12,305,274,31
B0128,02,000,Urban,HIMACHAL PRADESH,Car/Jeep/Van,13247,11207,2040,0,0,0,2115,1785,330,5148,4302,846,2442,2065,377,1352,1129,223,638,546,92,696,625,71,586,515,71,270,240,30
B0128,02,000,Urban,HIMACHAL PRADESH,Tempo/Autorickshaw/Taxi,1851,1312,539,0,0,0,246,193,53,747,488,259,333,254,79,188,128,60,70,46,24,95,71,24,95,73,22,77,59,18
B0128,02,000,Urban,HIMACHAL PRADESH,Bus,49982,35827,14155,0,0,0,1930,1323,607,15509,10985,4524,14714,10758,3956,7773,5311,2462,3380,2230,1150,3103,2368,735,2960,2398,562,613,454,159
B0128,02,000,Urban,HIMACHAL PRADESH,Train,403,331,72,0,0,0,109,92,17,63,47,16,30,24,6,21,13,8,13,11,2,11,10,1,98,91,7,58,43,15
B0128,02,000,Urban,HIMACHAL PRADESH,Water transport,121,101,20,0,0,0,26,24,2,20,16,4,39,31,8,9,4,5,2,2,0,7,6,1,7,7,0,11,11,0
B0128,02,000,Urban,HIMACHAL PRADESH,Any other,328,281,47,0,0,0,90,81,9,54,35,19,39,35,4,27,23,4,9,8,1,12,10,2,30,28,2,67,61,6
B0128,02,000,Urban,HIMACHAL PRADESH,No travel,68580,53485,15095,68580,53485,15095,0,0,0,0,0,0,0,0,0,0,0,0,0,0,0,0,0,0,0,0,0,0,0,0
B0128,03,000,Total,PUNJAB,All Modes,5988436,4832059,1156377,1876283,1278804,597479,911198,741349,169849,1423404,1248694,174710,884051,770712,113339,366764,324777,41987,213606,192434,21172,96806,83749,13057,113378,101566,11812,102946,89974,12972
B0128,03,000,Total,PUNJAB,On foot,1088387,840847,247540,0,0,0,582286,441555,140731,275262,216688,58574,230839,182604,48235,0,0,0,0,0,0,0,0,0,0,0,0,0,0,0
B0128,03,000,Total,PUNJAB,Bicycle,1192881,1142368,50513,0,0,0,143145,135969,7176,569819,543623,26196,277878,268953,8925,97667,94815,2852,104372,99008,5364,0,0,0,0,0,0,0,0,0
B0128,03,000,Total,PUNJAB,Moped/Scooter/Motor Cycle,1020797,915499,105298,0,0,0,143487,130584,12903,415316,367285,48031,224841,200916,23925,123340,112417,10923,32310,30192,2118,19873,18478,1395,9033,8288,745,52597,47339,5258
B0128,03,000,Total,PUNJAB,Car/Jeep/Van,176425,149218,27207,0,0,0,14626,12136,2490,55350,45946,9404,40317,34171,6146,28287,23953,4334,10119,8551,1568,9183,8097,1086,9127,8225,902,9416,8139,1277
B0128,03,000,Total,PUNJAB,Tempo/Autorickshaw/Taxi,126543,94919,31624,0,0,0,8878,6362,2516,47473,31542,15931,34057,26248,7809,16671,14040,2631,4221,3737,484,3775,3297,478,3176,2884,292,8292,6809,1483
B0128,03,000,Total,PUNJAB,Bus,392940,305747,87193,0,0,0,9351,6467,2884,37290,23010,14280,61544,44407,17137,90907,70415,20492,56420,45253,11167,55157,45713,9444,64236,56100,8136,18035,14382,3653
B0128,03,000,Total,PUNJAB,Train,60070,54616,5454,0,0,0,3576,3050,526,7507,6640,867,4667,4137,530,4752,4359,393,4248,3893,355,6329,5809,520,21050,19582,1468,7941,7146,795
B0128,03,000,Total,PUNJAB,Water transport,3898,3263,635,0,0,0,544,399,145,698,587,111,590,495,95,445,375,70,221,192,29,233,199,34,452,410,42,715,606,109
B0128,03,000,Total,PUNJAB,Any other,50212,46778,3434,0,0,0,5305,4827,478,14689,13373,1316,9318,8781,537,4695,4403,292,1695,1608,87,2256,2156,100,6304,6077,227,5950,5553,397
B0128,03,000,Total,PUNJAB,No travel,1876283,1278804,597479,1876283,1278804,597479,0,0,0,0,0,0,0,0,0,0,0,0,0,0,0,0,0,0,0,0,0,0,0,0
B0128,03,000,Rural,PUNJAB,All Modes,2629215,2042787,586428,1024105,649331,374774,295890,219890,76000,441472,390016,51456,408411,361791,46620,207595,191884,15711,110148,101591,8557,47260,42485,4775,59143,54736,4407,35191,31063,4128
B0128,03,000,Rural,PUNJAB,On foot,392619,278994,113625,0,0,0,218774,149962,68812,81251,60499,20752,92594,68533,24061,0,0,0,0,0,0,0,0,0,0,0,0,0,0,0
B0128,03,000,Rural,PUNJAB,Bicycle,564657,541804,22853,0,0,0,45913,43170,2743,230154,219479,10675,168222,163135,5087,70214,68343,1871,50154,47677,2477,0,0,0,0,0,0,0,0,0
B0128,03,000,Rural,PUNJAB,Moped/Scooter/Motor Cycle,302238,278426,23812,0,0,0,19162,17225,1937,85106,76428,8678,85676,79280,6396,65545,61757,3788,19442,18501,941,9636,9178,458,3911,3665,246,13760,12392,1368
B0128,03,000,Rural,PUNJAB,Car/Jeep/Van,34105,28721,5384,0,0,0,2220,1751,469,7789,6038,1751,7464,6276,1188,6421,5542,879,2804,2455,349,2532,2287,245,2649,2447,202,2226,1925,301
B0128,03,000,Rural,PUNJAB,Tempo/Autorickshaw/Taxi,37053,31497,5556,0,0,0,1731,1454,277,9314,7223,2091,10873,9148,1725,7713,6929,784,2095,1936,159,1545,1453,92,1500,1388,112,2282,1966,316
B0128,03,000,Rural,PUNJAB,Bus,220329,183679,36650,0,0,0,4631,3407,1224,19286,12718,6568,36381,28695,7686,52485,44368,8117,32539,28093,4446,29548,25795,3753,35731,32450,3281,9728,8153,1575
B0128,03,000,Rural,PUNJAB,Train,27190,25261,1929,0,0,0,1296,1053,243,2493,2204,289,2222,2041,181,2275,2122,153,1860,1732,128,2385,2217,168,10560,10133,427,4099,3759,340
B0128,03,000,Rural,PUNJAB,Water transport,1778,1513,265,0,0,0,232,144,88,263,226,37,272,239,33,236,211,25,133,119,14,109,97,12,229,217,12,304,260,44
B0128,03,000,Rural,PUNJAB,Any other,25141,23561,1580,0,0,0,1931,1724,207,5816,5201,615,4707,4444,263,2706,2612,94,1121,1078,43,1505,1458,47,4563,4436,127,2792,2608,184
B0128,03,000,Rural,PUNJAB,No travel,1024105,649331,374774,1024105,649331,374774,0,0,0,0,0,0,0,0,0,0,0,0,0,0,0,0,0,0,0,0,0,0,0,0
B0128,03,000,Urban,PUNJAB,All Modes,3359221,2789272,569949,852178,629473,222705,615308,521459,93849,981932,858678,123254,475640,408921,66719,159169,132893,26276,103458,90843,12615,49546,41264,8282,54235,46830,7405,67755,58911,8844
B0128,03,000,Urban,PUNJAB,On foot,695768,561853,133915,0,0,0,363512,291593,71919,194011,156189,37822,138245,114071,24174,0,0,0,0,0,0,0,0,0,0,0,0,0,0,0
B0128,03,000,Urban,PUNJAB,Bicycle,628224,600564,27660,0,0,0,97232,92799,4433,339665,324144,15521,109656,105818,3838,27453,26472,981,54218,51331,2887,0,0,0,0,0,0,0,0,0
B0128,03,000,Urban,PUNJAB,Moped/Scooter/Motor Cycle,718559,637073,81486,0,0,0,124325,113359,10966,330210,290857,39353,139165,121636,17529,57795,50660,7135,12868,11691,1177,10237,9300,937,5122,4623,499,38837,34947,3890
B0128,03,000,Urban,PUNJAB,Car/Jeep/Van,142320,120497,21823,0,0,0,12406,10385,2021,47561,39908,7653,32853,27895,4958,21866,18411,3455,7315,6096,1219,6651,5810,841,6478,5778,700,7190,6214,976
B0128,03,000,Urban,PUNJAB,Tempo/Autorickshaw/Taxi,89490,63422,26068,0,0,0,7147,4908,2239,38159,24319,13840,23184,17100,6084,8958,7111,1847,2126,1801,325,2230,1844,386,1676,1496,180,6010,4843,1167
B0128,03,000,Urban,PUNJAB,Bus,172611,122068,50543,0,0,0,4720,3060,1660,18004,10292,7712,25163,15712,9451,38422,26047,12375,23881,17160,6721,25609,19918,5691,28505,23650,4855,8307,6229,2078
B0128,03,000,Urban,PUNJAB,Train,32880,29355,3525,0,0,0,2280,1997,283,5014,4436,578,2445,2096,349,2477,2237,240,2388,2161,227,3944,3592,352,10490,9449,1041,3842,3387,455
B0128,03,000,Urban,PUNJAB,Water transport,2120,1750,370,0,0,0,312,255,57,435,361,74,318,256,62,209,164,45,88,73,15,124,102,22,223,193,30,411,346,65
B0128,03,000,Urban,PUNJAB,Any other,25071,23217,1854,0,0,0,3374,3103,271,8873,8172,701,4611,4337,274,1989,1791,198,574,530,44,751,698,53,1741,1641,100,3158,2945,213
B0128,03,000,Urban,PUNJAB,No travel,852178,629473,222705,852178,629473,222705,0,0,0,0,0,0,0,0,0,0,0,0,0,0,0,0,0,0,0,0,0,0,0,0
B0128,04,000,Total,CHANDIGARH,All Modes,395072,321183,73889,60897,45281,15616,48380,38517,9863,131861,107681,24180,104542,88251,16291,31239,26576,4663,6788,5657,1131,4536,3493,1043,4821,4004,817,2008,1723,285
B0128,04,000,Total,CHANDIGARH,On foot,54330,39987,14343,0,0,0,28327,21427,6900,19443,13546,5897,6560,5014,1546,0,0,0,0,0,0,0,0,0,0,0,0,0,0,0
B0128,04,000,Total,CHANDIGARH,Bicycle,101508,95653,5855,0,0,0,7647,7201,446,47625,44276,3349,34805,33153,1652,8724,8430,294,2707,2593,114,0,0,0,0,0,0,0,0,0
B0128,04,000,Total,CHANDIGARH,Moped/Scooter/Motor Cycle,84689,70441,14248,0,0,0,6657,5456,1201,34352,27916,6436,31822,26751,5071,9223,8006,1217,900,798,102,590,526,64,398,340,58,747,648,99
B0128,04,000,Total,CHANDIGARH,Car/Jeep/Van,48624,38233,10391,0,0,0,3591,2733,858,17655,13590,4065,16606,13136,3470,6307,5013,1294,1242,1005,237,1359,1154,205,1377,1192,185,487,410,77
B0128,04,000,Total,CHANDIGARH,Tempo/Autorickshaw/Taxi,11558,8142,3416,0,0,0,800,643,157,4512,2806,1706,3806,2671,1135,1571,1298,273,260,205,55,224,177,47,173,147,26,212,195,17
B0128,04,000,Total,CHANDIGARH,Bus,26438,17208,9230,0,0,0,567,348,219,5891,3488,2403,8901,5688,3213,4559,3027,1532,1554,948,606,2210,1510,700,2425,1942,483,331,257,74
B0128,04,000,Total,CHANDIGARH,Train,1267,1067,200,0,0,0,94,79,15,309,266,43,270,225,45,108,94,14,39,30,9,63,51,12,341,285,56,43,37,6
B0128,04,000,Total,CHANDIGARH,Water transport,135,106,29,0,0,0,16,11,5,38,30,8,40,32,8,12,10,2,5,2,3,4,3,1,9,7,2,11,11,0
B0128,04,000,Total,CHANDIGARH,Any other,5626,5065,561,0,0,0,681,619,62,2036,1763,273,1732,1581,151,735,698,37,81,76,5,86,72,14,98,91,7,177,165,12
B0128,04,000,Total,CHANDIGARH,No travel,60897,45281,15616,60897,45281,15616,0,0,0,0,0,0,0,0,0,0,0,0,0,0,0,0,0,0,0,0,0,0,0,0
B0128,04,000,Rural,CHANDIGARH,All Modes,11608,10058,1550,1947,1497,450,1442,1229,213,4444,3922,522,2849,2560,289,616,561,55,151,140,11,47,41,6,46,45,1,66,63,3
B0128,04,000,Rural,CHANDIGARH,On foot,1747,1377,370,0,0,0,929,757,172,634,477,157,184,143,41,0,0,0,0,0,0,0,0,0,0,0,0,0,0,0
B0128,04,000,Rural,CHANDIGARH,Bicycle,4212,3907,305,0,0,0,273,250,23,2347,2154,193,1299,1212,87,201,200,1,92,91,1,0,0,0,0,0,0,0,0,0
B0128,04,000,Rural,CHANDIGARH,Moped/Scooter/Motor Cycle,1981,1841,140,0,0,0,102,95,7,803,736,67,782,736,46,237,220,17,20,18,2,11,11,0,5,5,0,21,20,1
B0128,04,000,Rural,CHANDIGARH,Car/Jeep/Van,250,218,32,0,0,0,24,22,2,99,90,9,68,58,10,36,28,8,8,7,1,8,6,2,4,4,0,3,3,0
B0128,04,000,Rural,CHANDIGARH,Tempo/Autorickshaw/Taxi,569,495,74,0,0,0,47,44,3,296,252,44,174,150,24,34,32,2,5,5,0,4,3,1,1,1,0,8,8,0
B0128,04,000,Rural,CHANDIGARH,Bus,628,489,139,0,0,0,14,11,3,186,140,46,244,192,52,96,71,25,26,19,7,23,20,3,32,31,1,7,5,2
B0128,04,000,Rural,CHANDIGARH,Train,19,17,2,0,0,0,0,0,0,7,7,0,8,6,2,2,2,0,0,0,0,0,0,0,2,2,0,0,0,0
B0128,04,000,Rural,CHANDIGARH,Water transport,1,0,1,0,0,0,0,0,0,0,0,0,1,0,1,0,0,0,0,0,0,0,0,0,0,0,0,0,0,0
B0128,04,000,Rural,CHANDIGARH,Any other,254,217,37,0,0,0,53,50,3,72,66,6,89,63,26,10,8,2,0,0,0,1,1,0,2,2,0,27,27,0
B0128,04,000,Rural,CHANDIGARH,No travel,1947,1497,450,1947,1497,450,0,0,0,0,0,0,0,0,0,0,0,0,0,0,0,0,0,0,0,0,0,0,0,0
B0128,04,000,Urban,CHANDIGARH,All Modes,383464,311125,72339,58950,43784,15166,46938,37288,9650,127417,103759,23658,101693,85691,16002,30623,26015,4608,6637,5517,1120,4489,3452,1037,4775,3959,816,1942,1660,282
B0128,04,000,Urban,CHANDIGARH,On foot,52583,38610,13973,0,0,0,27398,20670,6728,18809,13069,5740,6376,4871,1505,0,0,0,0,0,0,0,0,0,0,0,0,0,0,0
B0128,04,000,Urban,CHANDIGARH,Bicycle,97296,91746,5550,0,0,0,7374,6951,423,45278,42122,3156,33506,31941,1565,8523,8230,293,2615,2502,113,0,0,0,0,0,0,0,0,0
B0128,04,000,Urban,CHANDIGARH,Moped/Scooter/Motor Cycle,82708,68600,14108,0,0,0,6555,5361,1194,33549,27180,6369,31040,26015,5025,8986,7786,1200,880,780,100,579,515,64,393,335,58,726,628,98
B0128,04,000,Urban,CHANDIGARH,Car/Jeep/Van,48374,38015,10359,0,0,0,3567,2711,856,17556,13500,4056,16538,13078,3460,6271,4985,1286,1234,998,236,1351,1148,203,1373,1188,185,484,407,77
B0128,04,000,Urban,CHANDIGARH,Tempo/Autorickshaw/Taxi,10989,7647,3342,0,0,0,753,599,154,4216,2554,1662,3632,2521,1111,1537,1266,271,255,200,55,220,174,46,172,146,26,204,187,17
B0128,04,000,Urban,CHANDIGARH,Bus,25810,16719,9091,0,0,0,553,337,216,5705,3348,2357,8657,5496,3161,4463,2956,1507,1528,929,599,2187,1490,697,2393,1911,482,324,252,72
B0128,04,000,Urban,CHANDIGARH,Train,1248,1050,198,0,0,0,94,79,15,302,259,43,262,219,43,106,92,14,39,30,9,63,51,12,339,283,56,43,37,6
B0128,04,000,Urban,CHANDIGARH,Water transport,134,106,28,0,0,0,16,11,5,38,30,8,39,32,7,12,10,2,5,2,3,4,3,1,9,7,2,11,11,0
B0128,04,000,Urban,CHANDIGARH,Any other,5372,4848,524,0,0,0,628,569,59,1964,1697,267,1643,1518,125,725,690,35,81,76,5,85,71,14,96,89,7,150,138,12
B0128,04,000,Urban,CHANDIGARH,No travel,58950,43784,15166,58950,43784,15166,0,0,0,0,0,0,0,0,0,0,0,0,0,0,0,0,0,0,0,0,0,0,0,0
B0128,05,000,Total,UTTARAKHAND,All Modes,1774239,1460678,313561,546152,405905,140247,337985,271876,66109,432087,374945,57142,230824,204008,26816,95574,85489,10085,47734,42872,4862,30543,27144,3399,39156,35728,3428,14184,12711,1473
B0128,05,000,Total,UTTARAKHAND,On foot,503155,399785,103370,0,0,0,267193,206850,60343,168829,136879,31950,67133,56056,11077,0,0,0,0,0,0,0,0,0,0,0,0,0,0,0
B0128,05,000,Total,UTTARAKHAND,Bicycle,208438,201813,6625,0,0,0,24896,23834,1062,103205,99801,3404,51463,50283,1180,17281,16905,376,11593,10990,603,0,0,0,0,0,0,0,0,0
B0128,05,000,Total,UTTARAKHAND,Moped/Scooter/Motor Cycle,223227,207760,15467,0,0,0,31119,29028,2091,94186,86534,7652,49068,45724,3344,27237,25858,1379,8503,8187,316,5254,5066,188,2722,2570,152,5138,4793,345
B0128,05,000,Total,UTTARAKHAND,Car/Jeep/Van,66391,56600,9791,0,0,0,5941,5060,881,18198,15396,2802,14064,11913,2151,11238,9457,1781,5692,4753,939,4999,4372,627,4509,4098,411,1750,1551,199
B0128,05,000,Total,UTTARAKHAND,Tempo/Autorickshaw/Taxi,56627,42805,13822,0,0,0,2716,1990,726,20693,14450,6243,16962,12971,3991,9616,7789,1827,2723,2284,439,1445,1216,229,1062,927,135,1410,1178,232
B0128,05,000,Total,UTTARAKHAND,Bus,136953,115034,21919,0,0,0,3310,2623,687,18560,14123,4437,26688,21915,4773,27285,22735,4550,17180,14728,2452,16776,14547,2229,23899,21596,2303,3255,2767,488
B0128,05,000,Total,UTTARAKHAND,Train,18613,17101,1512,0,0,0,1351,1176,175,3601,3251,350,2132,1980,152,1455,1353,102,1352,1254,98,1547,1430,117,5856,5454,402,1319,1203,116
B0128,05,000,Total,UTTARAKHAND,Water transport,813,714,99,0,0,0,130,103,27,149,125,24,122,107,15,120,109,11,34,30,4,26,24,2,101,96,5,131,120,11
B0128,05,000,Total,UTTARAKHAND,Any other,13870,13161,709,0,0,0,1329,1212,117,4666,4386,280,3192,3059,133,1342,1283,59,657,646,11,496,489,7,1007,987,20,1181,1099,82
B0128,05,000,Total,UTTARAKHAND,No travel,546152,405905,140247,546152,405905,140247,0,0,0,0,0,0,0,0,0,0,0,0,0,0,0,0,0,0,0,0,0,0,0,0
B0128,05,000,Rural,UTTARAKHAND,All Modes,877122,702248,174874,300348,210640,89708,146486,109173,37313,187240,160816,26424,117499,105197,12302,55541,51450,4091,26324,24389,1935,16112,14855,1257,22134,20795,1339,5438,4933,505
B0128,05,000,Rural,UTTARAKHAND,On foot,258266,197344,60922,0,0,0,126772,91109,35663,94865,75794,19071,36629,30441,6188,0,0,0,0,0,0,0,0,0,0,0,0,0,0,0
B0128,05,000,Rural,UTTARAKHAND,Bicycle,101266,98303,2963,0,0,0,8715,8267,448,44425,43056,1369,29957,29329,628,12303,12095,208,5866,5556,310,0,0,0,0,0,0,0,0,0
B0128,05,000,Rural,UTTARAKHAND,Moped/Scooter/Motor Cycle,72388,68757,3631,0,0,0,5806,5427,379,22766,21299,1467,19490,18571,919,14278,13772,506,4843,4717,126,2618,2549,69,1186,1119,67,1401,1303,98
B0128,05,000,Rural,UTTARAKHAND,Car/Jeep/Van,29770,26350,3420,0,0,0,1768,1524,244,6086,5185,901,7181,6282,899,6369,5726,643,3003,2708,295,2490,2282,208,2201,2044,157,672,599,73
B0128,05,000,Rural,UTTARAKHAND,Tempo/Autorickshaw/Taxi,21581,17465,4116,0,0,0,728,564,164,5917,4407,1510,6782,5428,1354,4893,4181,712,1573,1376,197,753,684,69,509,469,40,426,356,70
B0128,05,000,Rural,UTTARAKHAND,Bus,76984,67789,9195,0,0,0,1650,1363,287,9568,7719,1849,14716,12547,2169,15905,13962,1943,9815,8855,960,9207,8329,878,14547,13615,932,1576,1399,177
B0128,05,000,Rural,UTTARAKHAND,Train,8690,8173,517,0,0,0,454,386,68,1309,1188,121,1098,1044,54,775,741,34,700,663,37,724,696,28,3044,2911,133,586,544,42
B0128,05,000,Rural,UTTARAKHAND,Water transport,368,323,45,0,0,0,46,26,20,57,47,10,70,63,7,82,80,2,19,18,1,17,15,2,50,49,1,27,25,2
B0128,05,000,Rural,UTTARAKHAND,Any other,7461,7104,357,0,0,0,547,507,40,2247,2121,126,1576,1492,84,936,893,43,505,496,9,303,300,3,597,588,9,750,707,43
B0128,05,000,Rural,UTTARAKHAND,No travel,300348,210640,89708,300348,210640,89708,0,0,0,0,0,0,0,0,0,0,0,0,0,0,0,0,0,0,0,0,0,0,0,0
B0128,05,000,Urban,UTTARAKHAND,All Modes,897117,758430,138687,245804,195265,50539,191499,162703,28796,244847,214129,30718,113325,98811,14514,40033,34039,5994,21410,18483,2927,14431,12289,2142,17022,14933,2089,8746,7778,968
B0128,05,000,Urban,UTTARAKHAND,On foot,244889,202441,42448,0,0,0,140421,115741,24680,73964,61085,12879,30504,25615,4889,0,0,0,0,0,0,0,0,0,0,0,0,0,0,0
B0128,05,000,Urban,UTTARAKHAND,Bicycle,107172,103510,3662,0,0,0,16181,15567,614,58780,56745,2035,21506,20954,552,4978,4810,168,5727,5434,293,0,0,0,0,0,0,0,0,0
B0128,05,000,Urban,UTTARAKHAND,Moped/Scooter/Motor Cycle,150839,139003,11836,0,0,0,25313,23601,1712,71420,65235,6185,29578,27153,2425,12959,12086,873,3660,3470,190,2636,2517,119,1536,1451,85,3737,3490,247
B0128,05,000,Urban,UTTARAKHAND,Car/Jeep/Van,36621,30250,6371,0,0,0,4173,3536,637,12112,10211,1901,6883,5631,1252,4869,3731,1138,2689,2045,644,2509,2090,419,2308,2054,254,1078,952,126
B0128,05,000,Urban,UTTARAKHAND,Tempo/Autorickshaw/Taxi,35046,25340,9706,0,0,0,1988,1426,562,14776,10043,4733,10180,7543,2637,4723,3608,1115,1150,908,242,692,532,160,553,458,95,984,822,162
B0128,05,000,Urban,UTTARAKHAND,Bus,59969,47245,12724,0,0,0,1660,1260,400,8992,6404,2588,11972,9368,2604,11380,8773,2607,7365,5873,1492,7569,6218,1351,9352,7981,1371,1679,1368,311
B0128,05,000,Urban,UTTARAKHAND,Train,9923,8928,995,0,0,0,897,790,107,2292,2063,229,1034,936,98,680,612,68,652,591,61,823,734,89,2812,2543,269,733,659,74
B0128,05,000,Urban,UTTARAKHAND,Water transport,445,391,54,0,0,0,84,77,7,92,78,14,52,44,8,38,29,9,15,12,3,9,9,0,51,47,4,104,95,9
B0128,05,000,Urban,UTTARAKHAND,Any other,6409,6057,352,0,0,0,782,705,77,2419,2265,154,1616,1567,49,406,390,16,152,150,2,193,189,4,410,399,11,431,392,39
B0128,05,000,Urban,UTTARAKHAND,No travel,245804,195265,50539,245804,195265,50539,0,0,0,0,0,0,0,0,0,0,0,0,0,0,0,0,0,0,0,0,0,0,0,0
B0128,06,000,Total,HARYANA,All Modes,4645294,3789740,855554,1426991,993446,433545,714451,580990,133461,998722,874047,124675,598611,523426,75185,304726,271757,32969,179288,160453,18835,161067,145143,15924,201714,187746,13968,59724,52732,6992
B0128,06,000,Total,HARYANA,On foot,957738,761320,196418,0,0,0,525405,409575,115830,276632,226300,50332,155701,125445,30256,0,0,0,0,0,0,0,0,0,0,0,0,0,0,0
B0128,06,000,Total,HARYANA,Bicycle,599093,576310,22783,0,0,0,66838,63659,3179,309323,297327,11996,134261,130283,3978,44161,42907,1254,44510,42134,2376,0,0,0,0,0,0,0,0,0
B0128,06,000,Total,HARYANA,Moped/Scooter/Motor Cycle,617205,572465,44740,0,0,0,79891,73945,5946,240663,219606,21057,130999,122221,8778,84688,80445,4243,27789,26623,1166,20479,19599,880,10027,9382,645,22669,20644,2025
B0128,06,000,Total,HARYANA,Car/Jeep/Van,240413,198444,41969,0,0,0,16700,13815,2885,60848,49379,11469,50971,41316,9655,42636,35003,7633,24724,20402,4322,24972,21436,3536,12400,11062,1338,7162,6031,1131
B0128,06,000,Total,HARYANA,Tempo/Autorickshaw/Taxi,175521,138435,37086,0,0,0,8343,5989,2354,58148,40604,17544,54751,44895,9856,30187,26157,4030,6889,6024,865,6276,5407,869,4878,4425,453,6049,4934,1115
B0128,06,000,Total,HARYANA,Bus,436386,373738,62648,0,0,0,8829,6775,2054,33955,24200,9755,58584,47295,11289,88220,73883,14337,57218,49035,8183,71124,63508,7616,105935,98257,7678,12521,10785,1736
B0128,06,000,Total,HARYANA,Train,151963,140170,11793,0,0,0,4181,3628,553,7964,7124,840,5992,5388,604,10771,9684,1087,16534,14861,1673,35810,33034,2776,62801,59187,3614,7910,7264,646
B0128,06,000,Total,HARYANA,Water transport,2637,2292,345,0,0,0,371,283,88,368,312,56,291,253,38,290,249,41,174,147,27,233,215,18,518,494,24,392,339,53
B0128,06,000,Total,HARYANA,Any other,37347,33120,4227,0,0,0,3893,3321,572,10821,9195,1626,7061,6330,731,3773,3429,344,1450,1227,223,2173,1944,229,5155,4939,216,3021,2735,286
B0128,06,000,Total,HARYANA,No travel,1426991,993446,433545,1426991,993446,433545,0,0,0,0,0,0,0,0,0,0,0,0,0,0,0,0,0,0,0,0,0,0,0,0
B0128,06,000,Rural,HARYANA,All Modes,2064566,1644882,419684,825149,537812,287337,244288,184997,59291,268212,241307,26905,268877,245265,23612,162101,154533,7568,77787,73529,4258,73134,69400,3734,124431,119059,5372,20587,18980,1607
B0128,06,000,Rural,HARYANA,On foot,346966,262923,84043,0,0,0,204826,149176,55650,79517,64594,14923,62623,49153,13470,0,0,0,0,0,0,0,0,0,0,0,0,0,0,0
B0128,06,000,Rural,HARYANA,Bicycle,232807,225667,7140,0,0,0,16753,15798,955,96495,93305,3190,73019,71392,1627,28959,28405,554,17581,16767,814,0,0,0,0,0,0,0,0,0
B0128,06,000,Rural,HARYANA,Moped/Scooter/Motor Cycle,192755,184977,7778,0,0,0,10361,9489,872,47183,44710,2473,54589,52733,1856,46244,45023,1221,14344,13948,396,9326,9069,257,5053,4848,205,5655,5157,498
B0128,06,000,Rural,HARYANA,Car/Jeep/Van,34359,31801,2558,0,0,0,2208,1954,254,5196,4624,572,7669,7127,542,7865,7391,474,3376,3134,242,3306,3130,176,3608,3395,213,1131,1046,85
B0128,06,000,Rural,HARYANA,Tempo/Autorickshaw/Taxi,75087,69130,5957,0,0,0,2168,1917,251,15912,13890,2022,27050,24938,2112,18291,17311,980,3720,3564,156,2869,2744,125,3061,2921,140,2016,1845,171
B0128,06,000,Rural,HARYANA,Bus,267146,247117,20029,0,0,0,4495,3775,720,16404,13619,2785,37029,33432,3597,53493,49457,4036,32330,30008,2322,42288,39705,2583,74473,71021,3452,6634,6100,534
B0128,06,000,Rural,HARYANA,Train,69682,66671,3011,0,0,0,1613,1362,251,2658,2479,179,3010,2839,171,4796,4608,188,5560,5319,241,14026,13511,515,34243,33000,1243,3776,3553,223
B0128,06,000,Rural,HARYANA,Water transport,1139,1022,117,0,0,0,172,116,56,78,72,6,116,109,7,146,135,11,72,68,4,113,111,2,291,282,9,151,129,22
B0128,06,000,Rural,HARYANA,Any other,19476,17762,1714,0,0,0,1692,1410,282,4769,4014,755,3772,3542,230,2307,2203,104,804,721,83,1206,1130,76,3702,3592,110,1224,1150,74
B0128,06,000,Rural,HARYANA,No travel,825149,537812,287337,825149,537812,287337,0,0,0,0,0,0,0,0,0,0,0,0,0,0,0,0,0,0,0,0,0,0,0,0
B0128,06,000,Urban,HARYANA,All Modes,2580728,2144858,435870,601842,455634,146208,470163,395993,74170,730510,632740,97770,329734,278161,51573,142625,117224,25401,101501,86924,14577,87933,75743,12190,77283,68687,8596,39137,33752,5385
B0128,06,000,Urban,HARYANA,On foot,610772,498397,112375,0,0,0,320579,260399,60180,197115,161706,35409,93078,76292,16786,0,0,0,0,0,0,0,0,0,0,0,0,0,0,0
B0128,06,000,Urban,HARYANA,Bicycle,366286,350643,15643,0,0,0,50085,47861,2224,212828,204022,8806,61242,58891,2351,15202,14502,700,26929,25367,1562,0,0,0,0,0,0,0,0,0
B0128,06,000,Urban,HARYANA,Moped/Scooter/Motor Cycle,424450,387488,36962,0,0,0,69530,64456,5074,193480,174896,18584,76410,69488,6922,38444,35422,3022,13445,12675,770,11153,10530,623,4974,4534,440,17014,15487,1527
B0128,06,000,Urban,HARYANA,Car/Jeep/Van,206054,166643,39411,0,0,0,14492,11861,2631,55652,44755,10897,43302,34189,9113,34771,27612,7159,21348,17268,4080,21666,18306,3360,8792,7667,1125,6031,4985,1046
B0128,06,000,Urban,HARYANA,Tempo/Autorickshaw/Taxi,100434,69305,31129,0,0,0,6175,4072,2103,42236,26714,15522,27701,19957,7744,11896,8846,3050,3169,2460,709,3407,2663,744,1817,1504,313,4033,3089,944
B0128,06,000,Urban,HARYANA,Bus,169240,126621,42619,0,0,0,4334,3000,1334,17551,10581,6970,21555,13863,7692,34727,24426,10301,24888,19027,5861,28836,23803,5033,31462,27236,4226,5887,4685,1202
B0128,06,000,Urban,HARYANA,Train,82281,73499,8782,0,0,0,2568,2266,302,5306,4645,661,2982,2549,433,5975,5076,899,10974,9542,1432,21784,19523,2261,28558,26187,2371,4134,3711,423
B0128,06,000,Urban,HARYANA,Water transport,1498,1270,228,0,0,0,199,167,32,290,240,50,175,144,31,144,114,30,102,79,23,120,104,16,227,212,15,241,210,31
B0128,06,000,Urban,HARYANA,Any other,17871,15358,2513,0,0,0,2201,1911,290,6052,5181,871,3289,2788,501,1466,1226,240,646,506,140,967,814,153,1453,1347,106,1797,1585,212
B0128,06,000,Urban,HARYANA,No travel,601842,455634,146208,601842,455634,146208,0,0,0,0,0,0,0,0,0,0,0,0,0,0,0,0,0,0,0,0,0,0,0,0
B0128,07,000,Total,NCT OF DELHI,All Modes,5332324,4550458,781866,843162,670490,172672,849934,718690,131244,1298134,1120451,177683,972269,849546,122723,794525,692721,101804,335520,290891,44629,161097,139728,21369,40550,35914,4636,37133,32027,5106
B0128,07,000,Total,NCT OF DELHI,On foot,1179205,987025,192180,0,0,0,669241,558645,110596,399885,337569,62316,110079,90811,19268,0,0,0,0,0,0,0,0,0,0,0,0,0,0,0
B0128,07,000,Total,NCT OF DELHI,Bicycle,479369,468383,10986,0,0,0,37584,36430,1154,239497,233587,5910,126777,124619,2158,53304,52330,974,22207,21417,790,0,0,0,0,0,0,0,0,0
B0128,07,000,Total,NCT OF DELHI,Moped/Scooter/Motor Cycle,749366,721774,27592,0,0,0,60302,57706,2596,220572,209769,10803,193048,186425,6623,174415,169701,4714,61434,59931,1503,24819,24166,653,5761,5512,249,9015,8564,451
B0128,07,000,Total,NCT OF DELHI,Car/Jeep/Van,575757,466296,109461,0,0,0,30451,24511,5940,112394,88284,24110,124522,101176,23346,160000,130802,29198,83984,67984,16000,48289,39975,8314,8878,7674,1204,7239,5890,1349
B0128,07,000,Total,NCT OF DELHI,Tempo/Autorickshaw/Taxi,122700,94897,27803,0,0,0,9284,7332,1952,36956,25016,11940,26803,21224,5579,20758,16730,4028,12171,9869,2302,10543,9090,1453,3231,2990,241,2954,2646,308
B0128,07,000,Total,NCT OF DELHI,Bus,1162768,967962,194806,0,0,0,32013,25478,6535,255532,200738,54794,354474,296354,58120,319759,271669,48090,118663,102554,16109,55415,48410,7005,13551,11650,1901,13361,11109,2252
B0128,07,000,Total,NCT OF DELHI,Train,157266,124498,32768,0,0,0,4429,3451,978,13456,10427,3029,25941,20046,5895,54897,42681,12216,30569,24315,6254,17705,14659,3046,7790,6899,891,2479,2020,459
B0128,07,000,Total,NCT OF DELHI,Water transport,2302,1923,379,0,0,0,348,278,70,402,315,87,520,447,73,453,378,75,186,153,33,101,90,11,103,97,6,189,165,24
B0128,07,000,Total,NCT OF DELHI,Any other,60429,47210,13219,0,0,0,6282,4859,1423,19440,14746,4694,10105,8444,1661,10939,8430,2509,6306,4668,1638,4225,3338,887,1236,1092,144,1896,1633,263
B0128,07,000,Total,NCT OF DELHI,No travel,843162,670490,172672,843162,670490,172672,0,0,0,0,0,0,0,0,0,0,0,0,0,0,0,0,0,0,0,0,0,0,0,0
B0128,07,000,Rural,NCT OF DELHI,All Modes,104801,91389,13412,15470,12023,3447,11746,9631,2115,22453,19205,3248,16226,14530,1696,17462,16029,1433,10831,10138,693,8484,7866,618,1453,1364,89,676,603,73
B0128,07,000,Rural,NCT OF DELHI,On foot,21178,16899,4279,0,0,0,9613,7685,1928,9019,7129,1890,2546,2085,461,0,0,0,0,0,0,0,0,0,0,0,0,0,0,0
B0128,07,000,Rural,NCT OF DELHI,Bicycle,11753,11354,399,0,0,0,710,683,27,5712,5453,259,3118,3042,76,1546,1519,27,667,657,10,0,0,0,0,0,0,0,0,0
B0128,07,000,Rural,NCT OF DELHI,Moped/Scooter/Motor Cycle,12093,11758,335,0,0,0,472,451,21,2283,2170,113,2369,2293,76,3612,3544,68,1987,1957,30,1071,1059,12,159,152,7,140,132,8
B0128,07,000,Rural,NCT OF DELHI,Car/Jeep/Van,3670,3277,393,0,0,0,194,169,25,540,458,82,640,565,75,980,882,98,641,586,55,472,434,38,115,108,7,88,75,13
B0128,07,000,Rural,NCT OF DELHI,Tempo/Autorickshaw/Taxi,1734,1608,126,0,0,0,124,114,10,448,396,52,374,347,27,317,292,25,195,190,5,180,176,4,58,57,1,38,36,2
B0128,07,000,Rural,NCT OF DELHI,Bus,34568,30722,3846,0,0,0,486,400,86,4000,3196,804,6645,5727,918,9705,8811,894,6611,6082,529,5976,5469,507,819,755,64,326,282,44
B0128,07,000,Rural,NCT OF DELHI,Train,3641,3109,532,0,0,0,67,56,11,232,198,34,382,331,51,1213,900,313,671,615,56,746,693,53,271,262,9,59,54,5
B0128,07,000,Rural,NCT OF DELHI,Water transport,50,49,1,0,0,0,3,3,0,7,7,0,7,7,0,11,10,1,13,13,0,5,5,0,3,3,0,1,1,0
B0128,07,000,Rural,NCT OF DELHI,Any other,644,590,54,0,0,0,77,70,7,212,198,14,145,133,12,78,71,7,46,38,8,34,30,4,28,27,1,24,23,1
B0128,07,000,Rural,NCT OF DELHI,No travel,15470,12023,3447,15470,12023,3447,0,0,0,0,0,0,0,0,0,0,0,0,0,0,0,0,0,0,0,0,0,0,0,0
B0128,07,000,Urban,NCT OF DELHI,All Modes,5227523,4459069,768454,827692,658467,169225,838188,709059,129129,1275681,1101246,174435,956043,835016,121027,777063,676692,100371,324689,280753,43936,152613,131862,20751,39097,34550,4547,36457,31424,5033
B0128,07,000,Urban,NCT OF DELHI,On foot,1158027,970126,187901,0,0,0,659628,550960,108668,390866,330440,60426,107533,88726,18807,0,0,0,0,0,0,0,0,0,0,0,0,0,0,0
B0128,07,000,Urban,NCT OF DELHI,Bicycle,467616,457029,10587,0,0,0,36874,35747,1127,233785,228134,5651,123659,121577,2082,51758,50811,947,21540,20760,780,0,0,0,0,0,0,0,0,0
B0128,07,000,Urban,NCT OF DELHI,Moped/Scooter/Motor Cycle,737273,710016,27257,0,0,0,59830,57255,2575,218289,207599,10690,190679,184132,6547,170803,166157,4646,59447,57974,1473,23748,23107,641,5602,5360,242,8875,8432,443
B0128,07,000,Urban,NCT OF DELHI,Car/Jeep/Van,572087,463019,109068,0,0,0,30257,24342,5915,111854,87826,24028,123882,100611,23271,159020,129920,29100,83343,67398,15945,47817,39541,8276,8763,7566,1197,7151,5815,1336
B0128,07,000,Urban,NCT OF DELHI,Tempo/Autorickshaw/Taxi,120966,93289,27677,0,0,0,9160,7218,1942,36508,24620,11888,26429,20877,5552,20441,16438,4003,11976,9679,2297,10363,8914,1449,3173,2933,240,2916,2610,306
B0128,07,000,Urban,NCT OF DELHI,Bus,1128200,937240,190960,0,0,0,31527,25078,6449,251532,197542,53990,347829,290627,57202,310054,262858,47196,112052,96472,15580,49439,42941,6498,12732,10895,1837,13035,10827,2208
B0128,07,000,Urban,NCT OF DELHI,Train,153625,121389,32236,0,0,0,4362,3395,967,13224,10229,2995,25559,19715,5844,53684,41781,11903,29898,23700,6198,16959,13966,2993,7519,6637,882,2420,1966,454
B0128,07,000,Urban,NCT OF DELHI,Water transport,2252,1874,378,0,0,0,345,275,70,395,308,87,513,440,73,442,368,74,173,140,33,96,85,11,100,94,6,188,164,24
B0128,07,000,Urban,NCT OF DELHI,Any other,59785,46620,13165,0,0,0,6205,4789,1416,19228,14548,4680,9960,8311,1649,10861,8359,2502,6260,4630,1630,4191,3308,883,1208,1065,143,1872,1610,262
B0128,07,000,Urban,NCT OF DELHI,No travel,827692,658467,169225,827692,658467,169225,0,0,0,0,0,0,0,0,0,0,0,0,0,0,0,0,0,0,0,0,0,0,0,0
B0128,08,000,Total,RAJASTHAN,All Modes,10607148,8210360,2396788,3344075,2127817,1216258,1713354,1263067,450287,2531765,2073094,458671,1295042,1142971,152071,639869,591680,48189,300726,280423,20303,263675,245814,17861,364932,344589,20343,153710,140905,12805
B0128,08,000,Total,RAJASTHAN,On foot,2699387,1859374,840013,0,0,0,1327829,908130,419699,1055043,710301,344742,316515,240943,75572,0,0,0,0,0,0,0,0,0,0,0,0,0,0,0
B0128,08,000,Total,RAJASTHAN,Bicycle,954035,923620,30415,0,0,0,103339,98620,4719,520601,504063,16538,210446,205264,5182,57637,56278,1359,62012,59395,2617,0,0,0,0,0,0,0,0,0
B0128,08,000,Total,RAJASTHAN,Moped/Scooter/Motor Cycle,1645072,1548829,96243,0,0,0,193006,181259,11747,644886,602751,42135,394777,371388,23389,225116,214798,10318,61180,58951,2229,45519,43758,1761,18983,18200,783,61605,57724,3881
B0128,08,000,Total,RAJASTHAN,Car/Jeep/Van,258980,231453,27527,0,0,0,21747,19132,2615,63558,55265,8293,62302,55196,7106,49054,44192,4862,17186,15808,1378,18685,17397,1288,15899,14990,909,10549,9473,1076
B0128,08,000,Total,RAJASTHAN,Tempo/Autorickshaw/Taxi,283300,239393,43907,0,0,0,17580,14509,3071,94505,74079,20426,84949,72624,12325,48202,43448,4754,11668,10895,773,8602,7999,603,5417,5094,323,12377,10745,1632
B0128,08,000,Total,RAJASTHAN,Bus,1179920,1054284,125636,0,0,0,32189,26526,5663,121070,98546,22524,203277,176728,26549,242503,216755,25748,137649,124922,12727,169307,156075,13232,225769,211357,14412,48156,43375,4781
B0128,08,000,Total,RAJASTHAN,Train,155259,146531,8728,0,0,0,7076,5957,1119,10081,8983,1098,6923,6395,528,6904,6511,393,6242,5930,312,15878,15119,759,87128,83495,3633,15027,14141,886
B0128,08,000,Total,RAJASTHAN,Water transport,4452,3613,839,0,0,0,1496,1019,477,595,511,84,529,459,70,338,296,42,174,164,10,199,182,17,570,535,35,551,447,104
B0128,08,000,Total,RAJASTHAN,Any other,82668,75446,7222,0,0,0,9092,7915,1177,21426,18595,2831,15324,13974,1350,10115,9402,713,4615,4358,257,5485,5284,201,11166,10918,248,5445,5000,445
B0128,08,000,Total,RAJASTHAN,No travel,3344075,2127817,1216258,3344075,2127817,1216258,0,0,0,0,0,0,0,0,0,0,0,0,0,0,0,0,0,0,0,0,0,0,0,0
B0128,08,000,Rural,RAJASTHAN,All Modes,5846335,4164814,1681521,2213459,1277025,936434,819394,499105,320289,1048883,755939,292944,638750,559567,79183,391827,371548,20279,196006,186986,9020,192562,184510,8052,271121,260508,10613,74333,69626,4707
B0128,08,000,Rural,RAJASTHAN,On foot,1502250,878414,623836,0,0,0,708147,399310,308837,610956,348646,262310,183147,130458,52689,0,0,0,0,0,0,0,0,0,0,0,0,0,0,0
B0128,08,000,Rural,RAJASTHAN,Bicycle,351590,338929,12661,0,0,0,26447,24182,2265,161194,154942,6252,105196,102897,2299,34926,34231,695,23827,22677,1150,0,0,0,0,0,0,0,0,0
B0128,08,000,Rural,RAJASTHAN,Moped/Scooter/Motor Cycle,524091,504433,19658,0,0,0,40245,37565,2680,143811,137310,6501,135787,131225,4562,109147,106178,2969,39311,38307,1004,27269,26572,697,11118,10787,331,17403,16489,914
B0128,08,000,Rural,RAJASTHAN,Car/Jeep/Van,112479,103607,8872,0,0,0,7845,6976,869,17857,15760,2097,25427,23078,2349,26789,24854,1935,10376,9838,538,11462,11009,453,8779,8468,311,3944,3624,320
B0128,08,000,Rural,RAJASTHAN,Tempo/Autorickshaw/Taxi,142271,128417,13854,0,0,0,6682,5706,976,32731,28357,4374,47080,42276,4804,34010,31578,2432,8092,7675,417,5009,4818,191,3433,3303,130,5234,4704,530
B0128,08,000,Rural,RAJASTHAN,Bus,840586,783951,56635,0,0,0,20570,17626,2944,66633,57648,8985,128280,116960,11320,174593,163049,11544,106440,100825,5615,133014,126777,6237,177092,169274,7818,33964,31792,2172
B0128,08,000,Rural,RAJASTHAN,Train,104154,99607,4547,0,0,0,3918,3155,763,4449,3890,559,3851,3627,224,4747,4561,186,4310,4168,142,11352,10983,369,61228,59393,1835,10299,9830,469
B0128,08,000,Rural,RAJASTHAN,Water transport,2494,1964,530,0,0,0,955,597,358,217,175,42,243,214,29,184,167,17,120,115,5,122,117,5,386,373,13,267,206,61
B0128,08,000,Rural,RAJASTHAN,Any other,52961,48467,4494,0,0,0,4585,3988,597,11035,9211,1824,9739,8832,907,7431,6930,501,3530,3381,149,4334,4234,100,9085,8910,175,3222,2981,241
B0128,08,000,Rural,RAJASTHAN,No travel,2213459,1277025,936434,2213459,1277025,936434,0,0,0,0,0,0,0,0,0,0,0,0,0,0,0,0,0,0,0,0,0,0,0,0
B0128,08,000,Urban,RAJASTHAN,All Modes,4760813,4045546,715267,1130616,850792,279824,893960,763962,129998,1482882,1317155,165727,656292,583404,72888,248042,220132,27910,104720,93437,11283,71113,61304,9809,93811,84081,9730,79377,71279,8098
B0128,08,000,Urban,RAJASTHAN,On foot,1197137,980960,216177,0,0,0,619682,508820,110862,444087,361655,82432,133368,110485,22883,0,0,0,0,0,0,0,0,0,0,0,0,0,0,0
B0128,08,000,Urban,RAJASTHAN,Bicycle,602445,584691,17754,0,0,0,76892,74438,2454,359407,349121,10286,105250,102367,2883,22711,22047,664,38185,36718,1467,0,0,0,0,0,0,0,0,0
B0128,08,000,Urban,RAJASTHAN,Moped/Scooter/Motor Cycle,1120981,1044396,76585,0,0,0,152761,143694,9067,501075,465441,35634,258990,240163,18827,115969,108620,7349,21869,20644,1225,18250,17186,1064,7865,7413,452,44202,41235,2967
B0128,08,000,Urban,RAJASTHAN,Car/Jeep/Van,146501,127846,18655,0,0,0,13902,12156,1746,45701,39505,6196,36875,32118,4757,22265,19338,2927,6810,5970,840,7223,6388,835,7120,6522,598,6605,5849,756
B0128,08,000,Urban,RAJASTHAN,Tempo/Autorickshaw/Taxi,141029,110976,30053,0,0,0,10898,8803,2095,61774,45722,16052,37869,30348,7521,14192,11870,2322,3576,3220,356,3593,3181,412,1984,1791,193,7143,6041,1102
B0128,08,000,Urban,RAJASTHAN,Bus,339334,270333,69001,0,0,0,11619,8900,2719,54437,40898,13539,74997,59768,15229,67910,53706,14204,31209,24097,7112,36293,29298,6995,48677,42083,6594,14192,11583,2609
B0128,08,000,Urban,RAJASTHAN,Train,51105,46924,4181,0,0,0,3158,2802,356,5632,5093,539,3072,2768,304,2157,1950,207,1932,1762,170,4526,4136,390,25900,24102,1798,4728,4311,417
B0128,08,000,Urban,RAJASTHAN,Water transport,1958,1649,309,0,0,0,541,422,119,378,336,42,286,245,41,154,129,25,54,49,5,77,65,12,184,162,22,284,241,43
B0128,08,000,Urban,RAJASTHAN,Any other,29707,26979,2728,0,0,0,4507,3927,580,10391,9384,1007,5585,5142,443,2684,2472,212,1085,977,108,1151,1050,101,2081,2008,73,2223,2019,204
B0128,08,000,Urban,RAJASTHAN,No travel,1130616,850792,279824,1130616,850792,279824,0,0,0,0,0,0,0,0,0,0,0,0,0,0,0,0,0,0,0,0,0,0,0,0
B0128,09,000,Total,UTTAR PRADESH,All Modes,22919014,18177651,4741363,9917419,6690989,3226430,3063667,2508294,555373,4031049,3619453,411596,2571420,2266658,304762,1099016,1023065,75951,855747,798925,56822,348953,323513,25440,529721,498861,30860,502022,447893,54129
B0128,09,000,Total,UTTAR PRADESH,On foot,4141200,3251997,889203,0,0,0,2186232,1698373,487859,1106952,895513,211439,848016,658111,189905,0,0,0,0,0,0,0,0,0,0,0,0,0,0,0
B0128,09,000,Total,UTTAR PRADESH,Bicycle,4046176,3901388,144788,0,0,0,475148,452331,22817,1765895,1703653,62242,889642,866508,23134,408471,399326,9145,507020,479570,27450,0,0,0,0,0,0,0,0,0
B0128,09,000,Total,UTTAR PRADESH,Moped/Scooter/Motor Cycle,2176047,2042472,133575,0,0,0,245932,230206,15726,735443,687097,48346,448604,421041,27563,302693,286760,15933,111107,106085,5022,86289,82623,3666,43623,41690,1933,202356,186970,15386
B0128,09,000,Total,UTTAR PRADESH,Car/Jeep/Van,386323,324966,61357,0,0,0,32693,26556,6137,84039,68711,15328,68055,56235,11820,64791,54637,10154,34189,29629,4560,32568,29049,3519,24302,22077,2225,45686,38072,7614
B0128,09,000,Total,UTTAR PRADESH,Tempo/Autorickshaw/Taxi,560968,436825,124143,0,0,0,32988,23170,9818,162474,112934,49540,141537,111200,30337,104572,88925,15647,36286,32472,3814,22453,20018,2435,10646,9478,1168,50012,38628,11384
B0128,09,000,Total,UTTAR PRADESH,Bus,879333,772004,107329,0,0,0,33666,27455,6211,77982,61905,16077,108646,90704,17942,161532,140330,21202,120834,107944,12890,138708,126652,12056,166693,155240,11453,71272,61774,9498
B0128,09,000,Total,UTTAR PRADESH,Train,642557,602056,40501,0,0,0,34982,31252,3730,47902,44117,3785,36441,34068,2373,40923,37829,3094,40025,37261,2764,61945,58493,3452,270196,256572,13624,110143,102464,7679
B0128,09,000,Total,UTTAR PRADESH,Water transport,11913,10321,1592,0,0,0,2037,1559,478,2025,1769,256,1464,1301,163,905,803,102,459,426,33,569,524,45,1790,1686,104,2664,2253,411
B0128,09,000,Total,UTTAR PRADESH,Any other,157078,144633,12445,0,0,0,19989,17392,2597,48337,43754,4583,29015,27490,1525,15129,14455,674,5827,5538,289,6421,6154,267,12471,12118,353,19889,17732,2157
B0128,09,000,Total,UTTAR PRADESH,No travel,9917419,6690989,3226430,9917419,6690989,3226430,0,0,0,0,0,0,0,0,0,0,0,0,0,0,0,0,0,0,0,0,0,0,0,0
B0128,09,000,Rural,UTTAR PRADESH,All Modes,11851569,8869866,2981703,5941290,3725221,2216069,1254045,907867,346178,1615911,1433145,182766,1239125,1086370,152755,619832,595914,23918,459199,435635,23564,201335,192134,9201,336031,322797,13234,184801,170783,14018
B0128,09,000,Rural,UTTAR PRADESH,On foot,1771628,1210504,561124,0,0,0,930844,610668,320176,462266,338793,123473,378518,261043,117475,0,0,0,0,0,0,0,0,0,0,0,0,0,0,0
B0128,09,000,Rural,UTTAR PRADESH,Bicycle,2186857,2110992,75865,0,0,0,205105,192986,12119,848284,818138,30146,563140,549843,13297,297417,291748,5669,272911,258277,14634,0,0,0,0,0,0,0,0,0
B0128,09,000,Rural,UTTAR PRADESH,Moped/Scooter/Motor Cycle,678037,640857,37180,0,0,0,55350,50628,4722,168737,156778,11959,138889,132119,6770,132198,127030,5168,60087,57930,2157,48330,46628,1702,24548,23653,895,49898,46091,3807
B0128,09,000,Rural,UTTAR PRADESH,Car/Jeep/Van,96901,85994,10907,0,0,0,7492,6007,1485,14733,12445,2288,14407,12496,1911,17432,15723,1709,10453,9753,700,12249,11555,694,10586,9952,634,9549,8063,1486
B0128,09,000,Rural,UTTAR PRADESH,Tempo/Autorickshaw/Taxi,220048,195198,24850,0,0,0,10172,8235,1937,39993,32543,7450,52861,46144,6717,57054,52711,4343,23880,22649,1231,14261,13493,768,6075,5729,346,15752,13694,2058
B0128,09,000,Rural,UTTAR PRADESH,Bus,481935,448165,33770,0,0,0,17023,14516,2507,34888,30539,4349,51719,46781,4938,84802,78825,5977,67841,63907,3934,85091,80506,4585,107038,102110,4928,33533,30981,2552
B0128,09,000,Rural,UTTAR PRADESH,Train,390590,373787,16803,0,0,0,19362,17367,1995,26284,24589,1695,22799,21826,973,21166,20409,757,20254,19478,776,36868,35547,1321,178185,171988,6197,65672,62583,3089
B0128,09,000,Rural,UTTAR PRADESH,Water transport,6250,5507,743,0,0,0,1051,750,301,976,885,91,713,662,51,453,421,32,247,235,12,332,318,14,1163,1113,50,1315,1123,192
B0128,09,000,Rural,UTTAR PRADESH,Any other,78033,73641,4392,0,0,0,7646,6710,936,19750,18435,1315,16079,15456,623,9310,9047,263,3526,3406,120,4204,4087,117,8436,8252,184,9082,8248,834
B0128,09,000,Rural,UTTAR PRADESH,No travel,5941290,3725221,2216069,5941290,3725221,2216069,0,0,0,0,0,0,0,0,0,0,0,0,0,0,0,0,0,0,0,0,0,0,0,0
B0128,09,000,Urban,UTTAR PRADESH,All Modes,11067445,9307785,1759660,3976129,2965768,1010361,1809622,1600427,209195,2415138,2186308,228830,1332295,1180288,152007,479184,427151,52033,396548,363290,33258,147618,131379,16239,193690,176064,17626,317221,277110,40111
B0128,09,000,Urban,UTTAR PRADESH,On foot,2369572,2041493,328079,0,0,0,1255388,1087705,167683,644686,556720,87966,469498,397068,72430,0,0,0,0,0,0,0,0,0,0,0,0,0,0,0
B0128,09,000,Urban,UTTAR PRADESH,Bicycle,1859319,1790396,68923,0,0,0,270043,259345,10698,917611,885515,32096,326502,316665,9837,111054,107578,3476,234109,221293,12816,0,0,0,0,0,0,0,0,0
B0128,09,000,Urban,UTTAR PRADESH,Moped/Scooter/Motor Cycle,1498010,1401615,96395,0,0,0,190582,179578,11004,566706,530319,36387,309715,288922,20793,170495,159730,10765,51020,48155,2865,37959,35995,1964,19075,18037,1038,152458,140879,11579
B0128,09,000,Urban,UTTAR PRADESH,Car/Jeep/Van,289422,238972,50450,0,0,0,25201,20549,4652,69306,56266,13040,53648,43739,9909,47359,38914,8445,23736,19876,3860,20319,17494,2825,13716,12125,1591,36137,30009,6128
B0128,09,000,Urban,UTTAR PRADESH,Tempo/Autorickshaw/Taxi,340920,241627,99293,0,0,0,22816,14935,7881,122481,80391,42090,88676,65056,23620,47518,36214,11304,12406,9823,2583,8192,6525,1667,4571,3749,822,34260,24934,9326
B0128,09,000,Urban,UTTAR PRADESH,Bus,397398,323839,73559,0,0,0,16643,12939,3704,43094,31366,11728,56927,43923,13004,76730,61505,15225,52993,44037,8956,53617,46146,7471,59655,53130,6525,37739,30793,6946
B0128,09,000,Urban,UTTAR PRADESH,Train,251967,228269,23698,0,0,0,15620,13885,1735,21618,19528,2090,13642,12242,1400,19757,17420,2337,19771,17783,1988,25077,22946,2131,92011,84584,7427,44471,39881,4590
B0128,09,000,Urban,UTTAR PRADESH,Water transport,5663,4814,849,0,0,0,986,809,177,1049,884,165,751,639,112,452,382,70,212,191,21,237,206,31,627,573,54,1349,1130,219
B0128,09,000,Urban,UTTAR PRADESH,Any other,79045,70992,8053,0,0,0,12343,10682,1661,28587,25319,3268,12936,12034,902,5819,5408,411,2301,2132,169,2217,2067,150,4035,3866,169,10807,9484,1323
B0128,09,000,Urban,UTTAR PRADESH,No travel,3976129,2965768,1010361,3976129,2965768,1010361,0,0,0,0,0,0,0,0,0,0,0,0,0,0,0,0,0,0,0,0,0,0,0,0
B0128,10,000,Total,BIHAR,All Modes,7771904,6143934,1627970,3349664,2266427,1083237,1157573,938428,219145,1455626,1309149,146477,868191,753061,115130,264119,245454,18665,238841,224604,14237,92573,85588,6985,170486,162453,8033,174831,158770,16061
B0128,10,000,Total,BIHAR,On foot,1800911,1422152,378759,0,0,0,879079,681007,198072,542325,447721,94604,379507,293424,86083,0,0,0,0,0,0,0,0,0,0,0,0,0,0,0
B0128,10,000,Total,BIHAR,Bicycle,1277831,1244106,33725,0,0,0,163847,157438,6409,599129,585228,13901,268591,263720,4871,93638,91903,1735,152626,145817,6809,0,0,0,0,0,0,0,0,0
B0128,10,000,Total,BIHAR,Moped/Scooter/Motor Cycle,500563,464914,35649,0,0,0,61996,57170,4826,177903,164961,12942,94670,87958,6712,59905,55922,3983,24568,23176,1392,22031,20861,1170,10482,9976,506,49008,44890,4118
B0128,10,000,Total,BIHAR,Car/Jeep/Van,79657,67449,12208,0,0,0,8429,6906,1523,20029,16292,3737,14849,12418,2431,11474,9936,1538,5357,4790,567,5516,4990,526,5080,4620,460,8923,7497,1426
B0128,10,000,Total,BIHAR,Tempo/Autorickshaw/Taxi,160172,126539,33633,0,0,0,12394,8805,3589,53524,39570,13954,41468,34017,7451,23405,20089,3316,6249,5500,749,4581,3908,673,2363,2075,288,16188,12575,3613
B0128,10,000,Total,BIHAR,Bus,237472,208017,29455,0,0,0,10967,8726,2241,29192,24567,4625,41498,35664,5834,48008,41789,6219,27634,24551,3083,28244,25607,2637,30285,28092,2193,21644,19021,2623
B0128,10,000,Total,BIHAR,Train,317891,300749,17142,0,0,0,14780,13182,1598,19410,18077,1333,18249,16993,1256,23300,21625,1675,20930,19398,1532,30504,28627,1877,119127,114676,4451,71591,68171,3420
B0128,10,000,Total,BIHAR,Water transport,5123,4574,549,0,0,0,646,531,115,945,877,68,728,652,76,561,516,45,243,227,16,293,263,30,672,632,40,1035,876,159
B0128,10,000,Total,BIHAR,Any other,42620,39007,3613,0,0,0,5435,4663,772,13169,11856,1313,8631,8215,416,3828,3674,154,1234,1145,89,1404,1332,72,2477,2382,95,6442,5740,702
B0128,10,000,Total,BIHAR,No travel,3349664,2266427,1083237,3349664,2266427,1083237,0,0,0,0,0,0,0,0,0,0,0,0,0,0,0,0,0,0,0,0,0,0,0,0
B0128,10,000,Rural,BIHAR,All Modes,5326606,4068767,1257839,2493154,1612796,880358,678646,517489,161157,890433,794233,96200,595467,512265,83202,197740,186681,11059,168278,159354,8924,63563,59732,3831,130109,125392,4717,109216,100825,8391
B0128,10,000,Rural,BIHAR,On foot,1102557,817310,285247,0,0,0,518968,370289,148679,336894,266823,70071,246695,180198,66497,0,0,0,0,0,0,0,0,0,0,0,0,0,0,0
B0128,10,000,Rural,BIHAR,Bicycle,907112,883666,23446,0,0,0,102759,98181,4578,402143,392966,9177,216841,213161,3680,79456,78122,1334,105913,101236,4677,0,0,0,0,0,0,0,0,0
B0128,10,000,Rural,BIHAR,Moped/Scooter/Motor Cycle,254057,232296,21761,0,0,0,26308,23377,2931,78260,70842,7418,50706,46472,4234,38682,35938,2744,17125,16172,953,14106,13310,796,7059,6716,343,21811,19469,2342
B0128,10,000,Rural,BIHAR,Car/Jeep/Van,39489,34657,4832,0,0,0,3410,2788,622,7883,6666,1217,7195,6176,1019,6960,6255,705,3417,3171,246,3431,3196,235,3065,2834,231,4128,3571,557
B0128,10,000,Rural,BIHAR,Tempo/Autorickshaw/Taxi,82094,70094,12000,0,0,0,5490,4277,1213,22950,18776,4174,22428,19350,3078,15067,13568,1499,4355,3996,359,2813,2552,261,1543,1409,134,7448,6166,1282
B0128,10,000,Rural,BIHAR,Bus,183905,166096,17809,0,0,0,8208,6709,1499,22361,19570,2791,32717,29052,3665,38214,34466,3748,21480,19684,1796,21873,20358,1515,22803,21625,1178,16249,14632,1617
B0128,10,000,Rural,BIHAR,Train,234758,224642,10116,0,0,0,10146,9023,1123,12612,11824,788,12697,11979,718,16433,15518,915,14928,14094,834,20154,19183,971,93243,90507,2736,54545,52514,2031
B0128,10,000,Rural,BIHAR,Water transport,3378,3013,365,0,0,0,446,353,93,656,619,37,438,391,47,258,240,18,152,146,6,188,169,19,520,489,31,720,606,114
B0128,10,000,Rural,BIHAR,Any other,26102,24197,1905,0,0,0,2911,2492,419,6674,6147,527,5750,5486,264,2670,2574,96,908,855,53,998,964,34,1876,1812,64,4315,3867,448
B0128,10,000,Rural,BIHAR,No travel,2493154,1612796,880358,2493154,1612796,880358,0,0,0,0,0,0,0,0,0,0,0,0,0,0,0,0,0,0,0,0,0,0,0,0
B0128,10,000,Urban,BIHAR,All Modes,2445298,2075167,370131,856510,653631,202879,478927,420939,57988,565193,514916,50277,272724,240796,31928,66379,58773,7606,70563,65250,5313,29010,25856,3154,40377,37061,3316,65615,57945,7670
B0128,10,000,Urban,BIHAR,On foot,698354,604842,93512,0,0,0,360111,310718,49393,205431,180898,24533,132812,113226,19586,0,0,0,0,0,0,0,0,0,0,0,0,0,0,0
B0128,10,000,Urban,BIHAR,Bicycle,370719,360440,10279,0,0,0,61088,59257,1831,196986,192262,4724,51750,50559,1191,14182,13781,401,46713,44581,2132,0,0,0,0,0,0,0,0,0
B0128,10,000,Urban,BIHAR,Moped/Scooter/Motor Cycle,246506,232618,13888,0,0,0,35688,33793,1895,99643,94119,5524,43964,41486,2478,21223,19984,1239,7443,7004,439,7925,7551,374,3423,3260,163,27197,25421,1776
B0128,10,000,Urban,BIHAR,Car/Jeep/Van,40168,32792,7376,0,0,0,5019,4118,901,12146,9626,2520,7654,6242,1412,4514,3681,833,1940,1619,321,2085,1794,291,2015,1786,229,4795,3926,869
B0128,10,000,Urban,BIHAR,Tempo/Autorickshaw/Taxi,78078,56445,21633,0,0,0,6904,4528,2376,30574,20794,9780,19040,14667,4373,8338,6521,1817,1894,1504,390,1768,1356,412,820,666,154,8740,6409,2331
B0128,10,000,Urban,BIHAR,Bus,53567,41921,11646,0,0,0,2759,2017,742,6831,4997,1834,8781,6612,2169,9794,7323,2471,6154,4867,1287,6371,5249,1122,7482,6467,1015,5395,4389,1006
B0128,10,000,Urban,BIHAR,Train,83133,76107,7026,0,0,0,4634,4159,475,6798,6253,545,5552,5014,538,6867,6107,760,6002,5304,698,10350,9444,906,25884,24169,1715,17046,15657,1389
B0128,10,000,Urban,BIHAR,Water transport,1745,1561,184,0,0,0,200,178,22,289,258,31,290,261,29,303,276,27,91,81,10,105,94,11,152,143,9,315,270,45
B0128,10,000,Urban,BIHAR,Any other,16518,14810,1708,0,0,0,2524,2171,353,6495,5709,786,2881,2729,152,1158,1100,58,326,290,36,406,368,38,601,570,31,2127,1873,254
B0128,10,000,Urban,BIHAR,No travel,856510,653631,202879,856510,653631,202879,0,0,0,0,0,0,0,0,0,0,0,0,0,0,0,0,0,0,0,0,0,0,0,0
B0128,11,000,Total,SIKKIM,All Modes,159608,115201,44407,62389,46037,16352,39558,27287,12271,31172,21756,9416,14733,11024,3709,4878,3744,1134,2333,1741,592,1920,1470,450,1843,1532,311,782,610,172
B0128,11,000,Total,SIKKIM,On foot,60636,42796,17840,0,0,0,36037,24893,11144,17385,12408,4977,7214,5495,1719,0,0,0,0,0,0,0,0,0,0,0,0,0,0,0
B0128,11,000,Total,SIKKIM,Bicycle,534,453,81,0,0,0,93,75,18,209,177,32,86,78,8,56,49,7,90,74,16,0,0,0,0,0,0,0,0,0
B0128,11,000,Total,SIKKIM,Moped/Scooter/Motor Cycle,1455,1306,149,0,0,0,157,128,29,529,472,57,314,287,27,240,225,15,67,66,1,63,62,1,33,28,5,52,38,14
B0128,11,000,Total,SIKKIM,Car/Jeep/Van,20467,14699,5768,0,0,0,2078,1415,663,7786,5182,2604,4033,2954,1079,2729,2092,637,1222,941,281,1138,903,235,1111,919,192,370,293,77
B0128,11,000,Total,SIKKIM,Tempo/Autorickshaw/Taxi,9212,6285,2927,0,0,0,910,565,345,3913,2522,1391,1952,1399,553,1017,761,256,552,391,161,386,278,108,366,289,77,116,80,36
B0128,11,000,Total,SIKKIM,Bus,3448,2597,851,0,0,0,162,122,40,1109,837,272,783,601,182,606,464,142,299,210,89,292,195,97,157,137,20,40,31,9
B0128,11,000,Total,SIKKIM,Train,423,351,72,0,0,0,63,47,16,71,50,21,31,27,4,26,19,7,4,4,0,10,10,0,116,106,10,102,88,14
B0128,11,000,Total,SIKKIM,Water transport,18,12,6,0,0,0,12,9,3,0,0,0,2,1,1,0,0,0,1,0,1,0,0,0,0,0,0,3,2,1
B0128,11,000,Total,SIKKIM,Any other,1026,665,361,0,0,0,46,33,13,170,108,62,318,182,136,204,134,70,98,55,43,31,22,9,60,53,7,99,78,21
B0128,11,000,Total,SIKKIM,No travel,62389,46037,16352,62389,46037,16352,0,0,0,0,0,0,0,0,0,0,0,0,0,0,0,0,0,0,0,0,0,0,0,0
B0128,11,000,Rural,SIKKIM,All Modes,98326,70864,27462,42375,31085,11290,22008,14603,7405,17151,12151,5000,8641,6562,2079,3463,2750,713,1714,1310,404,1366,1073,293,1171,976,195,437,354,83
B0128,11,000,Rural,SIKKIM,On foot,38085,26017,12068,0,0,0,20752,13653,7099,12806,8973,3833,4527,3391,1136,0,0,0,0,0,0,0,0,0,0,0,0,0,0,0
B0128,11,000,Rural,SIKKIM,Bicycle,341,294,47,0,0,0,43,33,10,128,111,17,65,60,5,45,39,6,60,51,9,0,0,0,0,0,0,0,0,0
B0128,11,000,Rural,SIKKIM,Moped/Scooter/Motor Cycle,1050,940,110,0,0,0,89,68,21,340,302,38,249,226,23,190,179,11,58,57,1,58,57,1,23,20,3,43,31,12
B0128,11,000,Rural,SIKKIM,Car/Jeep/Van,9755,7545,2210,0,0,0,764,591,173,2280,1633,647,2167,1673,494,1997,1594,403,869,685,184,791,638,153,723,597,126,164,134,30
B0128,11,000,Rural,SIKKIM,Tempo/Autorickshaw/Taxi,3652,2688,964,0,0,0,180,121,59,984,668,316,952,739,213,628,479,149,398,294,104,260,197,63,212,163,49,38,27,11
B0128,11,000,Rural,SIKKIM,Bus,1860,1461,399,0,0,0,100,79,21,434,351,83,365,289,76,390,317,73,234,167,67,226,156,70,88,82,6,23,20,3
B0128,11,000,Rural,SIKKIM,Train,320,272,48,0,0,0,40,30,10,52,37,15,29,25,4,22,18,4,2,2,0,10,10,0,81,74,7,84,76,8
B0128,11,000,Rural,SIKKIM,Water transport,10,8,2,0,0,0,7,5,2,0,0,0,1,1,0,0,0,0,0,0,0,0,0,0,0,0,0,2,2,0
B0128,11,000,Rural,SIKKIM,Any other,878,554,324,0,0,0,33,23,10,127,76,51,286,158,128,191,124,67,93,54,39,21,15,6,44,40,4,83,64,19
B0128,11,000,Rural,SIKKIM,No travel,42375,31085,11290,42375,31085,11290,0,0,0,0,0,0,0,0,0,0,0,0,0,0,0,0,0,0,0,0,0,0,0,0
B0128,11,000,Urban,SIKKIM,All Modes,61282,44337,16945,20014,14952,5062,17550,12684,4866,14021,9605,4416,6092,4462,1630,1415,994,421,619,431,188,554,397,157,672,556,116,345,256,89
B0128,11,000,Urban,SIKKIM,On foot,22551,16779,5772,0,0,0,15285,11240,4045,4579,3435,1144,2687,2104,583,0,0,0,0,0,0,0,0,0,0,0,0,0,0,0
B0128,11,000,Urban,SIKKIM,Bicycle,193,159,34,0,0,0,50,42,8,81,66,15,21,18,3,11,10,1,30,23,7,0,0,0,0,0,0,0,0,0
B0128,11,000,Urban,SIKKIM,Moped/Scooter/Motor Cycle,405,366,39,0,0,0,68,60,8,189,170,19,65,61,4,50,46,4,9,9,0,5,5,0,10,8,2,9,7,2
B0128,11,000,Urban,SIKKIM,Car/Jeep/Van,10712,7154,3558,0,0,0,1314,824,490,5506,3549,1957,1866,1281,585,732,498,234,353,256,97,347,265,82,388,322,66,206,159,47
B0128,11,000,Urban,SIKKIM,Tempo/Autorickshaw/Taxi,5560,3597,1963,0,0,0,730,444,286,2929,1854,1075,1000,660,340,389,282,107,154,97,57,126,81,45,154,126,28,78,53,25
B0128,11,000,Urban,SIKKIM,Bus,1588,1136,452,0,0,0,62,43,19,675,486,189,418,312,106,216,147,69,65,43,22,66,39,27,69,55,14,17,11,6
B0128,11,000,Urban,SIKKIM,Train,103,79,24,0,0,0,23,17,6,19,13,6,2,2,0,4,1,3,2,2,0,0,0,0,35,32,3,18,12,6
B0128,11,000,Urban,SIKKIM,Water transport,8,4,4,0,0,0,5,4,1,0,0,0,1,0,1,0,0,0,1,0,1,0,0,0,0,0,0,1,0,1
B0128,11,000,Urban,SIKKIM,Any other,148,111,37,0,0,0,13,10,3,43,32,11,32,24,8,13,10,3,5,1,4,10,7,3,16,13,3,16,14,2
B0128,11,000,Urban,SIKKIM,No travel,20014,14952,5062,20014,14952,5062,0,0,0,0,0,0,0,0,0,0,0,0,0,0,0,0,0,0,0,0,0,0,0,0
B0128,12,000,Total,ARUNACHAL PRADESH,All Modes,240398,174885,65513,89857,66143,23714,72295,51572,20723,40074,28350,11724,23138,17017,6121,5968,4530,1438,2559,2052,507,1754,1450,304,2669,2192,477,2084,1579,505
B0128,12,000,Total,ARUNACHAL PRADESH,On foot,98205,68481,29724,0,0,0,61100,42701,18399,21870,14668,7202,15235,11112,4123,0,0,0,0,0,0,0,0,0,0,0,0,0,0,0
B0128,12,000,Total,ARUNACHAL PRADESH,Bicycle,8239,7034,1205,0,0,0,2622,2199,423,3605,3094,511,935,820,115,371,335,36,706,586,120,0,0,0,0,0,0,0,0,0
B0128,12,000,Total,ARUNACHAL PRADESH,Moped/Scooter/Motor Cycle,13623,11526,2097,0,0,0,3614,3045,569,5003,4128,875,1886,1633,253,1392,1182,210,426,388,38,492,445,47,277,253,24,533,452,81
B0128,12,000,Total,ARUNACHAL PRADESH,Car/Jeep/Van,15122,11463,3659,0,0,0,3518,2657,861,5042,3559,1483,1922,1474,448,1737,1443,294,665,538,127,636,521,115,938,765,173,664,506,158
B0128,12,000,Total,ARUNACHAL PRADESH,Tempo/Autorickshaw/Taxi,3378,2095,1283,0,0,0,412,280,132,1276,690,586,873,548,325,369,237,132,97,68,29,114,93,21,109,90,19,128,89,39
B0128,12,000,Total,ARUNACHAL PRADESH,Bus,6552,4247,2305,0,0,0,403,252,151,1748,1043,705,1172,702,470,1341,829,512,349,244,105,352,255,97,928,731,197,259,191,68
B0128,12,000,Total,ARUNACHAL PRADESH,Train,770,615,155,0,0,0,195,145,50,174,135,39,74,52,22,39,30,9,16,13,3,19,16,3,151,142,9,102,82,20
B0128,12,000,Total,ARUNACHAL PRADESH,Water transport,99,75,24,0,0,0,24,17,7,25,18,7,9,8,1,9,8,1,5,4,1,6,6,0,8,7,1,13,7,6
B0128,12,000,Total,ARUNACHAL PRADESH,Any other,4553,3206,1347,0,0,0,407,276,131,1331,1015,316,1032,668,364,710,466,244,295,211,84,135,114,21,258,204,54,385,252,133
B0128,12,000,Total,ARUNACHAL PRADESH,No travel,89857,66143,23714,89857,66143,23714,0,0,0,0,0,0,0,0,0,0,0,0,0,0,0,0,0,0,0,0,0,0,0,0
B0128,12,000,Rural,ARUNACHAL PRADESH,All Modes,132584,94721,37863,53441,38168,15273,35013,24497,10516,20791,14562,6229,14855,10777,4078,3195,2454,741,1630,1297,333,1069,878,191,1709,1383,326,881,705,176
B0128,12,000,Rural,ARUNACHAL PRADESH,On foot,53367,36676,16691,0,0,0,31171,21503,9668,12587,8253,4334,9609,6920,2689,0,0,0,0,0,0,0,0,0,0,0,0,0,0,0
B0128,12,000,Rural,ARUNACHAL PRADESH,Bicycle,3945,3301,644,0,0,0,902,732,170,1831,1535,296,631,537,94,243,217,26,338,280,58,0,0,0,0,0,0,0,0,0
B0128,12,000,Rural,ARUNACHAL PRADESH,Moped/Scooter/Motor Cycle,6485,5434,1051,0,0,0,1069,883,186,2215,1787,428,1271,1094,177,885,742,143,297,268,29,313,282,31,183,162,21,252,216,36
B0128,12,000,Rural,ARUNACHAL PRADESH,Car/Jeep/Van,6930,5361,1569,0,0,0,1155,885,270,2009,1469,540,1214,926,288,878,743,135,462,380,82,378,303,75,562,445,117,272,210,62
B0128,12,000,Rural,ARUNACHAL PRADESH,Tempo/Autorickshaw/Taxi,1450,901,549,0,0,0,135,101,34,394,219,175,550,324,226,150,93,57,57,38,19,52,42,10,52,42,10,60,42,18
B0128,12,000,Rural,ARUNACHAL PRADESH,Bus,2980,2046,934,0,0,0,182,116,66,563,385,178,632,377,255,432,275,157,213,151,62,226,166,60,602,478,124,130,98,32
B0128,12,000,Rural,ARUNACHAL PRADESH,Train,486,395,91,0,0,0,101,79,22,101,77,24,58,41,17,33,26,7,13,10,3,11,10,1,104,100,4,65,52,13
B0128,12,000,Rural,ARUNACHAL PRADESH,Water transport,58,43,15,0,0,0,16,10,6,7,5,2,7,6,1,7,7,0,4,3,1,5,5,0,5,4,1,7,3,4
B0128,12,000,Rural,ARUNACHAL PRADESH,Any other,3442,2396,1046,0,0,0,282,188,94,1084,832,252,883,552,331,567,351,216,246,167,79,84,70,14,201,152,49,95,84,11
B0128,12,000,Rural,ARUNACHAL PRADESH,No travel,53441,38168,15273,53441,38168,15273,0,0,0,0,0,0,0,0,0,0,0,0,0,0,0,0,0,0,0,0,0,0,0,0
B0128,12,000,Urban,ARUNACHAL PRADESH,All Modes,107814,80164,27650,36416,27975,8441,37282,27075,10207,19283,13788,5495,8283,6240,2043,2773,2076,697,929,755,174,685,572,113,960,809,151,1203,874,329
B0128,12,000,Urban,ARUNACHAL PRADESH,On foot,44838,31805,13033,0,0,0,29929,21198,8731,9283,6415,2868,5626,4192,1434,0,0,0,0,0,0,0,0,0,0,0,0,0,0,0
B0128,12,000,Urban,ARUNACHAL PRADESH,Bicycle,4294,3733,561,0,0,0,1720,1467,253,1774,1559,215,304,283,21,128,118,10,368,306,62,0,0,0,0,0,0,0,0,0
B0128,12,000,Urban,ARUNACHAL PRADESH,Moped/Scooter/Motor Cycle,7138,6092,1046,0,0,0,2545,2162,383,2788,2341,447,615,539,76,507,440,67,129,120,9,179,163,16,94,91,3,281,236,45
B0128,12,000,Urban,ARUNACHAL PRADESH,Car/Jeep/Van,8192,6102,2090,0,0,0,2363,1772,591,3033,2090,943,708,548,160,859,700,159,203,158,45,258,218,40,376,320,56,392,296,96
B0128,12,000,Urban,ARUNACHAL PRADESH,Tempo/Autorickshaw/Taxi,1928,1194,734,0,0,0,277,179,98,882,471,411,323,224,99,219,144,75,40,30,10,62,51,11,57,48,9,68,47,21
B0128,12,000,Urban,ARUNACHAL PRADESH,Bus,3572,2201,1371,0,0,0,221,136,85,1185,658,527,540,325,215,909,554,355,136,93,43,126,89,37,326,253,73,129,93,36
B0128,12,000,Urban,ARUNACHAL PRADESH,Train,284,220,64,0,0,0,94,66,28,73,58,15,16,11,5,6,4,2,3,3,0,8,6,2,47,42,5,37,30,7
B0128,12,000,Urban,ARUNACHAL PRADESH,Water transport,41,32,9,0,0,0,8,7,1,18,13,5,2,2,0,2,1,1,1,1,0,1,1,0,3,3,0,6,4,2
B0128,12,000,Urban,ARUNACHAL PRADESH,Any other,1111,810,301,0,0,0,125,88,37,247,183,64,149,116,33,143,115,28,49,44,5,51,44,7,57,52,5,290,168,122
B0128,12,000,Urban,ARUNACHAL PRADESH,No travel,36416,27975,8441,36416,27975,8441,0,0,0,0,0,0,0,0,0,0,0,0,0,0,0,0,0,0,0,0,0,0,0,0
B0128,13,000,Total,NAGALAND,All Modes,350620,246563,104057,152307,101930,50377,97140,69450,27690,60324,44454,15870,24002,17647,6355,6585,5028,1557,3465,2673,792,1965,1559,406,3469,2764,705,1363,1058,305
B0128,13,000,Total,NAGALAND,On foot,118805,85248,33557,0,0,0,83597,59170,24427,24349,18136,6213,10859,7942,2917,0,0,0,0,0,0,0,0,0,0,0,0,0,0,0
B0128,13,000,Total,NAGALAND,Bicycle,6743,6254,489,0,0,0,1868,1685,183,3680,3459,221,645,609,36,203,192,11,347,309,38,0,0,0,0,0,0,0,0,0
B0128,13,000,Total,NAGALAND,Moped/Scooter/Motor Cycle,10691,9814,877,0,0,0,2258,2051,207,5170,4743,427,1660,1533,127,776,730,46,270,252,18,224,204,20,142,123,19,191,178,13
B0128,13,000,Total,NAGALAND,Car/Jeep/Van,22620,17035,5585,0,0,0,4327,3327,1000,9204,6721,2483,3702,2772,930,2043,1548,495,1021,766,255,699,551,148,1255,1036,219,369,314,55
B0128,13,000,Total,NAGALAND,Tempo/Autorickshaw/Taxi,19800,12855,6945,0,0,0,2934,1775,1159,10410,6557,3853,3344,2266,1078,1366,980,386,663,463,200,274,204,70,518,402,116,291,208,83
B0128,13,000,Total,NAGALAND,Bus,16008,10416,5592,0,0,0,1424,860,564,6399,3931,2468,3258,2077,1181,1905,1328,577,942,696,246,644,488,156,1219,899,320,217,137,80
B0128,13,000,Total,NAGALAND,Train,699,553,146,0,0,0,226,163,63,159,127,32,44,36,8,30,24,6,22,15,7,21,19,2,131,115,16,66,54,12
B0128,13,000,Total,NAGALAND,Water transport,66,50,16,0,0,0,40,31,9,12,9,3,1,1,0,1,1,0,1,1,0,0,0,0,4,3,1,7,4,3
B0128,13,000,Total,NAGALAND,Any other,2881,2408,473,0,0,0,466,388,78,941,771,170,489,411,78,261,225,36,199,171,28,103,93,10,200,186,14,222,163,59
B0128,13,000,Total,NAGALAND,No travel,152307,101930,50377,152307,101930,50377,0,0,0,0,0,0,0,0,0,0,0,0,0,0,0,0,0,0,0,0,0,0,0,0
B0128,13,000,Rural,NAGALAND,All Modes,171641,118558,53083,87914,57776,30138,41373,28806,12567,20572,15349,5223,11693,8727,2966,4244,3268,976,2551,1987,564,1303,1052,251,1575,1250,325,416,343,73
B0128,13,000,Rural,NAGALAND,On foot,53271,37223,16048,0,0,0,37398,25721,11677,10036,7294,2742,5837,4208,1629,0,0,0,0,0,0,0,0,0,0,0,0,0,0,0
B0128,13,000,Rural,NAGALAND,Bicycle,2652,2395,257,0,0,0,652,562,90,1340,1222,118,356,331,25,145,135,10,159,145,14,0,0,0,0,0,0,0,0,0
B0128,13,000,Rural,NAGALAND,Moped/Scooter/Motor Cycle,4653,4278,375,0,0,0,700,640,60,1943,1785,158,1013,933,80,504,471,33,198,187,11,165,150,15,65,56,9,65,56,9
B0128,13,000,Rural,NAGALAND,Car/Jeep/Van,8423,6411,2012,0,0,0,1120,890,230,2435,1780,655,1590,1180,410,1339,1021,318,772,591,181,476,375,101,555,453,102,136,121,15
B0128,13,000,Rural,NAGALAND,Tempo/Autorickshaw/Taxi,6771,4581,2190,0,0,0,608,368,240,2709,1760,949,1652,1123,529,868,626,242,525,378,147,147,116,31,186,148,38,76,62,14
B0128,13,000,Rural,NAGALAND,Bus,5752,4090,1662,0,0,0,472,290,182,1376,917,459,865,642,223,1233,886,347,713,532,181,424,329,95,604,447,157,65,47,18
B0128,13,000,Rural,NAGALAND,Train,321,245,76,0,0,0,120,87,33,70,57,13,23,18,5,12,9,3,13,9,4,10,9,1,45,33,12,28,23,5
B0128,13,000,Rural,NAGALAND,Water transport,42,28,14,0,0,0,28,21,7,5,2,3,1,1,0,1,1,0,1,1,0,0,0,0,2,1,1,4,1,3
B0128,13,000,Rural,NAGALAND,Any other,1842,1531,311,0,0,0,275,227,48,658,532,126,356,291,65,142,119,23,170,144,26,81,73,8,118,112,6,42,33,9
B0128,13,000,Rural,NAGALAND,No travel,87914,57776,30138,87914,57776,30138,0,0,0,0,0,0,0,0,0,0,0,0,0,0,0,0,0,0,0,0,0,0,0,0
B0128,13,000,Urban,NAGALAND,All Modes,178979,128005,50974,64393,44154,20239,55767,40644,15123,39752,29105,10647,12309,8920,3389,2341,1760,581,914,686,228,662,507,155,1894,1514,380,947,715,232
B0128,13,000,Urban,NAGALAND,On foot,65534,48025,17509,0,0,0,46199,33449,12750,14313,10842,3471,5022,3734,1288,0,0,0,0,0,0,0,0,0,0,0,0,0,0,0
B0128,13,000,Urban,NAGALAND,Bicycle,4091,3859,232,0,0,0,1216,1123,93,2340,2237,103,289,278,11,58,57,1,188,164,24,0,0,0,0,0,0,0,0,0
B0128,13,000,Urban,NAGALAND,Moped/Scooter/Motor Cycle,6038,5536,502,0,0,0,1558,1411,147,3227,2958,269,647,600,47,272,259,13,72,65,7,59,54,5,77,67,10,126,122,4
B0128,13,000,Urban,NAGALAND,Car/Jeep/Van,14197,10624,3573,0,0,0,3207,2437,770,6769,4941,1828,2112,1592,520,704,527,177,249,175,74,223,176,47,700,583,117,233,193,40
B0128,13,000,Urban,NAGALAND,Tempo/Autorickshaw/Taxi,13029,8274,4755,0,0,0,2326,1407,919,7701,4797,2904,1692,1143,549,498,354,144,138,85,53,127,88,39,332,254,78,215,146,69
B0128,13,000,Urban,NAGALAND,Bus,10256,6326,3930,0,0,0,952,570,382,5023,3014,2009,2393,1435,958,672,442,230,229,164,65,220,159,61,615,452,163,152,90,62
B0128,13,000,Urban,NAGALAND,Train,378,308,70,0,0,0,106,76,30,89,70,19,21,18,3,18,15,3,9,6,3,11,10,1,86,82,4,38,31,7
B0128,13,000,Urban,NAGALAND,Water transport,24,22,2,0,0,0,12,10,2,7,7,0,0,0,0,0,0,0,0,0,0,0,0,0,2,2,0,3,3,0
B0128,13,000,Urban,NAGALAND,Any other,1039,877,162,0,0,0,191,161,30,283,239,44,133,120,13,119,106,13,29,27,2,22,20,2,82,74,8,180,130,50
B0128,13,000,Urban,NAGALAND,No travel,64393,44154,20239,64393,44154,20239,0,0,0,0,0,0,0,0,0,0,0,0,0,0,0,0,0,0,0,0,0,0,0,0
B0128,14,000,Total,MANIPUR,All Modes,524305,345397,178908,237392,143846,93546,77587,48113,29474,88041,61888,26153,52517,37218,15299,22597,18094,4503,16073,13006,3067,9727,7523,2204,7794,6511,1283,12577,9198,3379
B0128,14,000,Total,MANIPUR,On foot,93493,55926,37567,0,0,0,56539,33064,23475,18442,11605,6837,18512,11257,7255,0,0,0,0,0,0,0,0,0,0,0,0,0,0,0
B0128,14,000,Total,MANIPUR,Bicycle,42736,36439,6297,0,0,0,6981,5490,1491,21241,17970,3271,7123,6545,578,2432,2255,177,4959,4179,780,0,0,0,0,0,0,0,0,0
B0128,14,000,Total,MANIPUR,Moped/Scooter/Motor Cycle,49055,36647,12408,0,0,0,5660,4005,1655,21997,15660,6337,9663,7545,2118,4742,4093,649,1105,992,113,1425,1060,365,415,328,87,4048,2964,1084
B0128,14,000,Total,MANIPUR,Car/Jeep/Van,16093,12079,4014,0,0,0,1648,1171,477,5380,3745,1635,2931,2268,663,1846,1465,381,909,751,158,1035,829,206,855,735,120,1489,1115,374
B0128,14,000,Total,MANIPUR,Tempo/Autorickshaw/Taxi,32689,19988,12701,0,0,0,2796,1392,1404,13278,7202,6076,7266,4747,2519,4589,3472,1117,1119,887,232,997,640,357,364,268,96,2280,1380,900
B0128,14,000,Total,MANIPUR,Bus,40064,29945,10119,0,0,0,1506,998,508,4088,2601,1487,4846,3283,1563,8284,6229,2055,7648,5896,1752,5834,4610,1224,5250,4341,909,2608,1987,621
B0128,14,000,Total,MANIPUR,Train,3157,2558,599,0,0,0,428,272,156,680,538,142,334,278,56,205,163,42,65,49,16,99,81,18,480,443,37,866,734,132
B0128,14,000,Total,MANIPUR,Water transport,4986,4077,909,0,0,0,1219,1067,152,1962,1788,174,1291,811,480,141,96,45,59,53,6,71,63,8,43,36,7,200,163,37
B0128,14,000,Total,MANIPUR,Any other,4640,3892,748,0,0,0,810,654,156,973,779,194,551,484,67,358,321,37,209,199,10,266,240,26,387,360,27,1086,855,231
B0128,14,000,Total,MANIPUR,No travel,237392,143846,93546,237392,143846,93546,0,0,0,0,0,0,0,0,0,0,0,0,0,0,0,0,0,0,0,0,0,0,0,0
B0128,14,000,Rural,MANIPUR,All Modes,287462,192385,95077,142451,88577,53874,38973,23895,15078,38458,27853,10605,30328,21723,8605,13037,10635,2402,8916,7371,1545,5220,4227,993,4260,3659,601,5819,4445,1374
B0128,14,000,Rural,MANIPUR,On foot,52813,31282,21531,0,0,0,29984,17229,12755,11387,7154,4233,11442,6899,4543,0,0,0,0,0,0,0,0,0,0,0,0,0,0,0
B0128,14,000,Rural,MANIPUR,Bicycle,21735,18752,2983,0,0,0,3058,2373,685,9937,8443,1494,4568,4245,323,1640,1538,102,2532,2153,379,0,0,0,0,0,0,0,0,0
B0128,14,000,Rural,MANIPUR,Moped/Scooter/Motor Cycle,16867,13589,3278,0,0,0,1525,1130,395,5738,4429,1309,4361,3591,770,2646,2339,307,651,596,55,456,369,87,167,139,28,1323,996,327
B0128,14,000,Rural,MANIPUR,Car/Jeep/Van,6696,5110,1586,0,0,0,648,458,190,1730,1196,534,1278,1022,256,998,778,220,494,418,76,470,392,78,439,374,65,639,472,167
B0128,14,000,Rural,MANIPUR,Tempo/Autorickshaw/Taxi,15021,10106,4915,0,0,0,1104,620,484,4525,2694,1831,4091,2793,1298,2809,2145,664,758,617,141,470,358,112,181,137,44,1083,742,341
B0128,14,000,Rural,MANIPUR,Bus,22483,17146,5337,0,0,0,904,616,288,2409,1528,881,2765,1890,875,4427,3415,1012,4241,3369,872,3529,2837,692,2849,2422,427,1359,1069,290
B0128,14,000,Rural,MANIPUR,Train,1944,1615,329,0,0,0,209,127,82,326,265,61,223,192,31,140,109,31,39,29,10,58,51,7,346,323,23,603,519,84
B0128,14,000,Rural,MANIPUR,Water transport,4683,3818,865,0,0,0,1120,987,133,1847,1678,169,1260,788,472,127,85,42,56,51,5,65,57,8,38,32,6,170,140,30
B0128,14,000,Rural,MANIPUR,Any other,2769,2390,379,0,0,0,421,355,66,559,466,93,340,303,37,250,226,24,145,138,7,172,163,9,240,232,8,642,507,135
B0128,14,000,Rural,MANIPUR,No travel,142451,88577,53874,142451,88577,53874,0,0,0,0,0,0,0,0,0,0,0,0,0,0,0,0,0,0,0,0,0,0,0,0
B0128,14,000,Urban,MANIPUR,All Modes,236843,153012,83831,94941,55269,39672,38614,24218,14396,49583,34035,15548,22189,15495,6694,9560,7459,2101,7157,5635,1522,4507,3296,1211,3534,2852,682,6758,4753,2005
B0128,14,000,Urban,MANIPUR,On foot,40680,24644,16036,0,0,0,26555,15835,10720,7055,4451,2604,7070,4358,2712,0,0,0,0,0,0,0,0,0,0,0,0,0,0,0
B0128,14,000,Urban,MANIPUR,Bicycle,21001,17687,3314,0,0,0,3923,3117,806,11304,9527,1777,2555,2300,255,792,717,75,2427,2026,401,0,0,0,0,0,0,0,0,0
B0128,14,000,Urban,MANIPUR,Moped/Scooter/Motor Cycle,32188,23058,9130,0,0,0,4135,2875,1260,16259,11231,5028,5302,3954,1348,2096,1754,342,454,396,58,969,691,278,248,189,59,2725,1968,757
B0128,14,000,Urban,MANIPUR,Car/Jeep/Van,9397,6969,2428,0,0,0,1000,713,287,3650,2549,1101,1653,1246,407,848,687,161,415,333,82,565,437,128,416,361,55,850,643,207
B0128,14,000,Urban,MANIPUR,Tempo/Autorickshaw/Taxi,17668,9882,7786,0,0,0,1692,772,920,8753,4508,4245,3175,1954,1221,1780,1327,453,361,270,91,527,282,245,183,131,52,1197,638,559
B0128,14,000,Urban,MANIPUR,Bus,17581,12799,4782,0,0,0,602,382,220,1679,1073,606,2081,1393,688,3857,2814,1043,3407,2527,880,2305,1773,532,2401,1919,482,1249,918,331
B0128,14,000,Urban,MANIPUR,Train,1213,943,270,0,0,0,219,145,74,354,273,81,111,86,25,65,54,11,26,20,6,41,30,11,134,120,14,263,215,48
B0128,14,000,Urban,MANIPUR,Water transport,303,259,44,0,0,0,99,80,19,115,110,5,31,23,8,14,11,3,3,2,1,6,6,0,5,4,1,30,23,7
B0128,14,000,Urban,MANIPUR,Any other,1871,1502,369,0,0,0,389,299,90,414,313,101,211,181,30,108,95,13,64,61,3,94,77,17,147,128,19,444,348,96
B0128,14,000,Urban,MANIPUR,No travel,94941,55269,39672,94941,55269,39672,0,0,0,0,0,0,0,0,0,0,0,0,0,0,0,0,0,0,0,0,0,0,0,0
B0128,15,000,Total,MIZORAM,All Modes,207463,134876,72587,68572,43239,25333,76430,48959,27471,41843,27519,14324,12421,8770,3651,2776,2087,689,889,711,178,946,750,196,2773,2231,542,813,610,203
B0128,15,000,Total,MIZORAM,On foot,80693,52418,28275,0,0,0,62919,40143,22776,12298,8517,3781,5476,3758,1718,0,0,0,0,0,0,0,0,0,0,0,0,0,0,0
B0128,15,000,Total,MIZORAM,Bicycle,2591,2068,523,0,0,0,781,617,164,1300,1026,274,263,225,38,106,87,19,141,113,28,0,0,0,0,0,0,0,0,0
B0128,15,000,Total,MIZORAM,Moped/Scooter/Motor Cycle,15211,12106,3105,0,0,0,4276,3352,924,7860,6136,1724,1697,1408,289,694,601,93,173,155,18,168,154,14,218,200,18,125,100,25
B0128,15,000,Total,MIZORAM,Car/Jeep/Van,9487,6674,2813,0,0,0,2407,1670,737,4265,2832,1433,956,698,258,526,385,141,169,136,33,254,200,54,733,614,119,177,139,38
B0128,15,000,Total,MIZORAM,Tempo/Autorickshaw/Taxi,8161,4477,3684,0,0,0,2370,1203,1167,4539,2341,2198,648,464,184,233,169,64,70,53,17,78,62,16,138,114,24,85,71,14
B0128,15,000,Total,MIZORAM,Bus,20656,12228,8428,0,0,0,3233,1632,1601,11124,6315,4809,3183,2049,1134,1071,727,344,257,187,70,350,252,98,1207,902,305,231,164,67
B0128,15,000,Total,MIZORAM,Train,404,307,97,0,0,0,127,95,32,77,54,23,21,14,7,13,10,3,1,1,0,5,4,1,87,76,11,73,53,20
B0128,15,000,Total,MIZORAM,Water transport,100,76,24,0,0,0,24,15,9,50,40,10,13,11,2,6,4,2,1,1,0,1,0,1,3,3,0,2,2,0
B0128,15,000,Total,MIZORAM,Any other,1588,1283,305,0,0,0,293,232,61,330,258,72,164,143,21,127,104,23,77,65,12,90,78,12,387,322,65,120,81,39
B0128,15,000,Total,MIZORAM,No travel,68572,43239,25333,68572,43239,25333,0,0,0,0,0,0,0,0,0,0,0,0,0,0,0,0,0,0,0,0,0,0,0,0
B0128,15,000,Rural,MIZORAM,All Modes,38601,26478,12123,17169,11106,6063,14939,10243,4696,2769,2149,620,1994,1544,450,681,546,135,214,177,37,233,195,38,485,417,68,117,101,16
B0128,15,000,Rural,MIZORAM,On foot,17564,12174,5390,0,0,0,13979,9448,4531,2020,1547,473,1565,1179,386,0,0,0,0,0,0,0,0,0,0,0,0,0,0,0
B0128,15,000,Rural,MIZORAM,Bicycle,384,331,53,0,0,0,140,118,22,124,107,17,52,50,2,37,33,4,31,23,8,0,0,0,0,0,0,0,0,0
B0128,15,000,Rural,MIZORAM,Moped/Scooter/Motor Cycle,1299,1133,166,0,0,0,460,399,61,283,238,45,179,155,24,216,193,23,54,50,4,52,50,2,41,37,4,14,11,3
B0128,15,000,Rural,MIZORAM,Car/Jeep/Van,684,564,120,0,0,0,140,115,25,86,68,18,55,50,5,142,109,33,45,36,9,64,54,10,126,108,18,26,24,2
B0128,15,000,Rural,MIZORAM,Tempo/Autorickshaw/Taxi,236,181,55,0,0,0,55,41,14,42,27,15,34,22,12,52,42,10,4,3,1,16,15,1,27,25,2,6,6,0
B0128,15,000,Rural,MIZORAM,Bus,725,506,219,0,0,0,62,34,28,100,59,41,65,49,16,198,136,62,43,31,12,71,48,23,164,131,33,22,18,4
B0128,15,000,Rural,MIZORAM,Train,101,87,14,0,0,0,30,24,6,6,6,0,2,1,1,2,2,0,1,1,0,3,3,0,29,28,1,28,22,6
B0128,15,000,Rural,MIZORAM,Water transport,51,41,10,0,0,0,11,7,4,28,24,4,7,6,1,2,1,1,1,1,0,0,0,0,1,1,0,1,1,0
B0128,15,000,Rural,MIZORAM,Any other,388,355,33,0,0,0,62,57,5,80,73,7,35,32,3,32,30,2,35,32,3,27,25,2,97,87,10,20,19,1
B0128,15,000,Rural,MIZORAM,No travel,17169,11106,6063,17169,11106,6063,0,0,0,0,0,0,0,0,0,0,0,0,0,0,0,0,0,0,0,0,0,0,0,0
B0128,15,000,Urban,MIZORAM,All Modes,168862,108398,60464,51403,32133,19270,61491,38716,22775,39074,25370,13704,10427,7226,3201,2095,1541,554,675,534,141,713,555,158,2288,1814,474,696,509,187
B0128,15,000,Urban,MIZORAM,On foot,63129,40244,22885,0,0,0,48940,30695,18245,10278,6970,3308,3911,2579,1332,0,0,0,0,0,0,0,0,0,0,0,0,0,0,0
B0128,15,000,Urban,MIZORAM,Bicycle,2207,1737,470,0,0,0,641,499,142,1176,919,257,211,175,36,69,54,15,110,90,20,0,0,0,0,0,0,0,0,0
B0128,15,000,Urban,MIZORAM,Moped/Scooter/Motor Cycle,13912,10973,2939,0,0,0,3816,2953,863,7577,5898,1679,1518,1253,265,478,408,70,119,105,14,116,104,12,177,163,14,111,89,22
B0128,15,000,Urban,MIZORAM,Car/Jeep/Van,8803,6110,2693,0,0,0,2267,1555,712,4179,2764,1415,901,648,253,384,276,108,124,100,24,190,146,44,607,506,101,151,115,36
B0128,15,000,Urban,MIZORAM,Tempo/Autorickshaw/Taxi,7925,4296,3629,0,0,0,2315,1162,1153,4497,2314,2183,614,442,172,181,127,54,66,50,16,62,47,15,111,89,22,79,65,14
B0128,15,000,Urban,MIZORAM,Bus,19931,11722,8209,0,0,0,3171,1598,1573,11024,6256,4768,3118,2000,1118,873,591,282,214,156,58,279,204,75,1043,771,272,209,146,63
B0128,15,000,Urban,MIZORAM,Train,303,220,83,0,0,0,97,71,26,71,48,23,19,13,6,11,8,3,0,0,0,2,1,1,58,48,10,45,31,14
B0128,15,000,Urban,MIZORAM,Water transport,49,35,14,0,0,0,13,8,5,22,16,6,6,5,1,4,3,1,0,0,0,1,0,1,2,2,0,1,1,0
B0128,15,000,Urban,MIZORAM,Any other,1200,928,272,0,0,0,231,175,56,250,185,65,129,111,18,95,74,21,42,33,9,63,53,10,290,235,55,100,62,38
B0128,15,000,Urban,MIZORAM,No travel,51403,32133,19270,51403,32133,19270,0,0,0,0,0,0,0,0,0,0,0,0,0,0,0,0,0,0,0,0,0,0,0,0
B0128,16,000,Total,TRIPURA,All Modes,778460,584867,193593,200551,138092,62459,182772,123437,59335,228721,179643,49078,91545,76641,14904,32727,29051,3676,16460,14857,1603,10146,9133,1013,12169,11128,1041,3369,2885,484
B0128,16,000,Total,TRIPURA,On foot,266704,166103,100601,0,0,0,147075,90614,56461,92346,56264,36082,27283,19225,8058,0,0,0,0,0,0,0,0,0,0,0,0,0,0,0
B0128,16,000,Total,TRIPURA,Bicycle,144237,141449,2788,0,0,0,22912,22327,585,86056,84415,1641,25167,24813,354,5319,5262,57,4783,4632,151,0,0,0,0,0,0,0,0,0
B0128,16,000,Total,TRIPURA,Moped/Scooter/Motor Cycle,45577,43078,2499,0,0,0,6491,6145,346,20003,18685,1318,10102,9617,485,5227,5055,172,1415,1351,64,876,846,30,625,599,26,838,780,58
B0128,16,000,Total,TRIPURA,Car/Jeep/Van,25406,21417,3989,0,0,0,1324,1053,271,5095,3898,1197,5710,4677,1033,5711,4932,779,3027,2708,319,2338,2126,212,1758,1632,126,443,391,52
B0128,16,000,Total,TRIPURA,Tempo/Autorickshaw/Taxi,41402,29143,12259,0,0,0,2555,1541,1014,18542,11545,6997,13494,10413,3081,4247,3516,731,874,777,97,476,431,45,588,477,111,626,443,183
B0128,16,000,Total,TRIPURA,Bus,44866,37292,7574,0,0,0,1175,890,285,4181,2903,1278,8825,7022,1803,11712,9814,1898,6115,5174,941,5945,5245,700,6274,5690,584,639,554,85
B0128,16,000,Total,TRIPURA,Train,4443,4016,427,0,0,0,370,280,90,623,534,89,225,196,29,159,147,12,132,114,18,310,295,15,2282,2136,146,342,314,28
B0128,16,000,Total,TRIPURA,Water transport,1105,925,180,0,0,0,213,169,44,665,556,109,87,78,9,46,43,3,9,8,1,5,4,1,35,34,1,45,33,12
B0128,16,000,Total,TRIPURA,Any other,4169,3352,817,0,0,0,657,418,239,1210,843,367,652,600,52,306,282,24,105,93,12,196,186,10,607,560,47,436,370,66
B0128,16,000,Total,TRIPURA,No travel,200551,138092,62459,200551,138092,62459,0,0,0,0,0,0,0,0,0,0,0,0,0,0,0,0,0,0,0,0,0,0,0,0
B0128,16,000,Rural,TRIPURA,All Modes,458130,331321,126809,135779,91477,44302,110625,69126,41499,126083,96261,29822,47657,39490,8167,16855,15388,1467,8658,8023,635,5213,4843,370,5579,5237,342,1681,1476,205
B0128,16,000,Rural,TRIPURA,On foot,176585,104563,72022,0,0,0,95319,54898,40421,63098,37263,25835,18168,12402,5766,0,0,0,0,0,0,0,0,0,0,0,0,0,0,0
B0128,16,000,Rural,TRIPURA,Bicycle,73906,72166,1740,0,0,0,10783,10421,362,45571,44527,1044,12585,12379,206,2517,2485,32,2450,2354,96,0,0,0,0,0,0,0,0,0
B0128,16,000,Rural,TRIPURA,Moped/Scooter/Motor Cycle,17539,16671,868,0,0,0,1858,1767,91,6606,6219,387,4345,4130,215,2792,2702,90,850,818,32,509,490,19,261,252,9,318,293,25
B0128,16,000,Rural,TRIPURA,Car/Jeep/Van,14641,12694,1947,0,0,0,620,490,130,2567,2035,532,3472,2937,535,3585,3156,429,1880,1721,159,1357,1262,95,954,906,48,206,187,19
B0128,16,000,Rural,TRIPURA,Tempo/Autorickshaw/Taxi,13590,10940,2650,0,0,0,742,560,182,4956,3618,1338,4883,4117,766,1859,1626,233,437,395,42,232,219,13,222,206,16,259,199,60
B0128,16,000,Rural,TRIPURA,Bus,20920,18240,2680,0,0,0,639,494,145,1885,1403,482,3725,3094,631,5827,5164,663,2903,2611,292,2839,2610,229,2755,2562,193,347,302,45
B0128,16,000,Rural,TRIPURA,Train,2293,2062,231,0,0,0,223,153,70,350,294,56,113,97,16,74,70,4,69,62,7,171,163,8,1072,1019,53,221,204,17
B0128,16,000,Rural,TRIPURA,Water transport,989,832,157,0,0,0,190,152,38,631,531,100,65,58,7,35,34,1,6,6,0,3,2,1,23,22,1,36,27,9
B0128,16,000,Rural,TRIPURA,Any other,1888,1676,212,0,0,0,251,191,60,419,371,48,301,276,25,166,151,15,63,56,7,102,97,5,292,270,22,294,264,30
B0128,16,000,Rural,TRIPURA,No travel,135779,91477,44302,135779,91477,44302,0,0,0,0,0,0,0,0,0,0,0,0,0,0,0,0,0,0,0,0,0,0,0,0
B0128,16,000,Urban,TRIPURA,All Modes,320330,253546,66784,64772,46615,18157,72147,54311,17836,102638,83382,19256,43888,37151,6737,15872,13663,2209,7802,6834,968,4933,4290,643,6590,5891,699,1688,1409,279
B0128,16,000,Urban,TRIPURA,On foot,90119,61540,28579,0,0,0,51756,35716,16040,29248,19001,10247,9115,6823,2292,0,0,0,0,0,0,0,0,0,0,0,0,0,0,0
B0128,16,000,Urban,TRIPURA,Bicycle,70331,69283,1048,0,0,0,12129,11906,223,40485,39888,597,12582,12434,148,2802,2777,25,2333,2278,55,0,0,0,0,0,0,0,0,0
B0128,16,000,Urban,TRIPURA,Moped/Scooter/Motor Cycle,28038,26407,1631,0,0,0,4633,4378,255,13397,12466,931,5757,5487,270,2435,2353,82,565,533,32,367,356,11,364,347,17,520,487,33
B0128,16,000,Urban,TRIPURA,Car/Jeep/Van,10765,8723,2042,0,0,0,704,563,141,2528,1863,665,2238,1740,498,2126,1776,350,1147,987,160,981,864,117,804,726,78,237,204,33
B0128,16,000,Urban,TRIPURA,Tempo/Autorickshaw/Taxi,27812,18203,9609,0,0,0,1813,981,832,13586,7927,5659,8611,6296,2315,2388,1890,498,437,382,55,244,212,32,366,271,95,367,244,123
B0128,16,000,Urban,TRIPURA,Bus,23946,19052,4894,0,0,0,536,396,140,2296,1500,796,5100,3928,1172,5885,4650,1235,3212,2563,649,3106,2635,471,3519,3128,391,292,252,40
B0128,16,000,Urban,TRIPURA,Train,2150,1954,196,0,0,0,147,127,20,273,240,33,112,99,13,85,77,8,63,52,11,139,132,7,1210,1117,93,121,110,11
B0128,16,000,Urban,TRIPURA,Water transport,116,93,23,0,0,0,23,17,6,34,25,9,22,20,2,11,9,2,3,2,1,2,2,0,12,12,0,9,6,3
B0128,16,000,Urban,TRIPURA,Any other,2281,1676,605,0,0,0,406,227,179,791,472,319,351,324,27,140,131,9,42,37,5,94,89,5,315,290,25,142,106,36
B0128,16,000,Urban,TRIPURA,No travel,64772,46615,18157,64772,46615,18157,0,0,0,0,0,0,0,0,0,0,0,0,0,0,0,0,0,0,0,0,0,0,0,0
B0128,17,000,Total,MEGHALAYA,All Modes,472092,310637,161455,171222,106698,64524,109810,69107,40703,98857,67295,31562,45653,31506,14147,13459,9737,3722,7237,5456,1781,8217,6259,1958,14340,12107,2233,3297,2472,825
B0128,17,000,Total,MEGHALAYA,On foot,164520,107398,57122,0,0,0,96800,60252,36548,44996,31883,13113,22724,15263,7461,0,0,0,0,0,0,0,0,0,0,0,0,0,0,0
B0128,17,000,Total,MEGHALAYA,Bicycle,6706,5861,845,0,0,0,1347,1151,196,3324,2906,418,1098,997,101,353,325,28,584,482,102,0,0,0,0,0,0,0,0,0
B0128,17,000,Total,MEGHALAYA,Moped/Scooter/Motor Cycle,11636,10095,1541,0,0,0,1904,1652,252,4861,4117,744,1812,1569,243,1137,1014,123,488,450,38,563,505,58,533,491,42,338,297,41
B0128,17,000,Total,MEGHALAYA,Car/Jeep/Van,39206,26927,12279,0,0,0,3738,2441,1297,15845,10103,5742,6474,4504,1970,4075,2874,1201,2085,1563,522,2482,1868,614,3461,2788,673,1046,786,260
B0128,17,000,Total,MEGHALAYA,Tempo/Autorickshaw/Taxi,40856,24946,15910,0,0,0,4050,2198,1852,23224,13599,9625,7852,5138,2714,2284,1600,684,856,565,291,862,611,251,1128,851,277,600,384,216
B0128,17,000,Total,MEGHALAYA,Bus,31459,23315,8144,0,0,0,1253,896,357,5393,3771,1622,4938,3382,1556,4827,3271,1556,2804,2034,770,3814,2847,967,7750,6620,1130,680,494,186
B0128,17,000,Total,MEGHALAYA,Train,972,723,249,0,0,0,237,152,85,192,135,57,61,42,19,46,34,12,18,14,4,32,25,7,208,190,18,178,131,47
B0128,17,000,Total,MEGHALAYA,Water transport,145,117,28,0,0,0,22,17,5,33,27,6,21,20,1,19,15,4,8,7,1,13,9,4,17,14,3,12,8,4
B0128,17,000,Total,MEGHALAYA,Any other,5370,4557,813,0,0,0,459,348,111,989,754,235,673,591,82,718,604,114,394,341,53,451,394,57,1243,1153,90,443,372,71
B0128,17,000,Total,MEGHALAYA,No travel,171222,106698,64524,171222,106698,64524,0,0,0,0,0,0,0,0,0,0,0,0,0,0,0,0,0,0,0,0,0,0,0,0
B0128,17,000,Rural,MEGHALAYA,All Modes,276161,178229,97932,115881,68404,47477,55999,33595,22404,46051,32326,13725,27610,19264,8346,9875,7295,2580,5249,4148,1101,5259,4187,1072,8628,7723,905,1609,1287,322
B0128,17,000,Rural,MEGHALAYA,On foot,97942,61556,36386,0,0,0,51357,29995,21362,30083,20644,9439,16502,10917,5585,0,0,0,0,0,0,0,0,0,0,0,0,0,0,0
B0128,17,000,Rural,MEGHALAYA,Bicycle,5449,4812,637,0,0,0,1007,863,144,2669,2351,318,1002,917,85,311,290,21,460,391,69,0,0,0,0,0,0,0,0,0
B0128,17,000,Rural,MEGHALAYA,Moped/Scooter/Motor Cycle,6286,5490,796,0,0,0,905,795,110,2162,1830,332,1129,976,153,826,736,90,339,317,22,378,340,38,356,328,28,191,168,23
B0128,17,000,Rural,MEGHALAYA,Car/Jeep/Van,16520,11966,4554,0,0,0,962,695,267,4534,3067,1467,3161,2272,889,3004,2110,894,1422,1092,330,1457,1097,360,1478,1237,241,502,396,106
B0128,17,000,Rural,MEGHALAYA,Tempo/Autorickshaw/Taxi,8450,5763,2687,0,0,0,482,311,171,3098,1942,1156,2317,1576,741,1272,942,330,487,344,143,339,277,62,322,276,46,133,95,38
B0128,17,000,Rural,MEGHALAYA,Bus,20742,16053,4689,0,0,0,823,605,218,2609,1803,806,2862,2046,816,3767,2626,1141,2186,1687,499,2716,2141,575,5366,4828,538,413,317,96
B0128,17,000,Rural,MEGHALAYA,Train,688,521,167,0,0,0,166,100,66,149,108,41,46,32,14,32,25,7,16,13,3,27,22,5,165,153,12,87,68,19
B0128,17,000,Rural,MEGHALAYA,Water transport,115,95,20,0,0,0,13,10,3,26,23,3,17,16,1,16,12,4,7,6,1,12,9,3,14,11,3,10,8,2
B0128,17,000,Rural,MEGHALAYA,Any other,4088,3569,519,0,0,0,284,221,63,721,558,163,574,512,62,647,554,93,332,298,34,330,301,29,927,890,37,273,235,38
B0128,17,000,Rural,MEGHALAYA,No travel,115881,68404,47477,115881,68404,47477,0,0,0,0,0,0,0,0,0,0,0,0,0,0,0,0,0,0,0,0,0,0,0,0
B0128,17,000,Urban,MEGHALAYA,All Modes,195931,132408,63523,55341,38294,17047,53811,35512,18299,52806,34969,17837,18043,12242,5801,3584,2442,1142,1988,1308,680,2958,2072,886,5712,4384,1328,1688,1185,503
B0128,17,000,Urban,MEGHALAYA,On foot,66578,45842,20736,0,0,0,45443,30257,15186,14913,11239,3674,6222,4346,1876,0,0,0,0,0,0,0,0,0,0,0,0,0,0,0
B0128,17,000,Urban,MEGHALAYA,Bicycle,1257,1049,208,0,0,0,340,288,52,655,555,100,96,80,16,42,35,7,124,91,33,0,0,0,0,0,0,0,0,0
B0128,17,000,Urban,MEGHALAYA,Moped/Scooter/Motor Cycle,5350,4605,745,0,0,0,999,857,142,2699,2287,412,683,593,90,311,278,33,149,133,16,185,165,20,177,163,14,147,129,18
B0128,17,000,Urban,MEGHALAYA,Car/Jeep/Van,22686,14961,7725,0,0,0,2776,1746,1030,11311,7036,4275,3313,2232,1081,1071,764,307,663,471,192,1025,771,254,1983,1551,432,544,390,154
B0128,17,000,Urban,MEGHALAYA,Tempo/Autorickshaw/Taxi,32406,19183,13223,0,0,0,3568,1887,1681,20126,11657,8469,5535,3562,1973,1012,658,354,369,221,148,523,334,189,806,575,231,467,289,178
B0128,17,000,Urban,MEGHALAYA,Bus,10717,7262,3455,0,0,0,430,291,139,2784,1968,816,2076,1336,740,1060,645,415,618,347,271,1098,706,392,2384,1792,592,267,177,90
B0128,17,000,Urban,MEGHALAYA,Train,284,202,82,0,0,0,71,52,19,43,27,16,15,10,5,14,9,5,2,1,1,5,3,2,43,37,6,91,63,28
B0128,17,000,Urban,MEGHALAYA,Water transport,30,22,8,0,0,0,9,7,2,7,4,3,4,4,0,3,3,0,1,1,0,1,0,1,3,3,0,2,0,2
B0128,17,000,Urban,MEGHALAYA,Any other,1282,988,294,0,0,0,175,127,48,268,196,72,99,79,20,71,50,21,62,43,19,121,93,28,316,263,53,170,137,33
B0128,17,000,Urban,MEGHALAYA,No travel,55341,38294,17047,55341,38294,17047,0,0,0,0,0,0,0,0,0,0,0,0,0,0,0,0,0,0,0,0,0,0,0,0
B0128,18,000,Total,ASSAM,All Modes,5571396,4106843,1464553,1746568,1112591,633977,1393923,964061,429862,1333597,1067447,266150,533455,447446,86009,195795,176992,18803,122300,112364,9936,78224,71325,6899,133289,125142,8147,34245,29475,4770
B0128,18,000,Total,ASSAM,On foot,1736610,1101676,634934,0,0,0,1054656,655683,398973,503099,319087,184012,178855,126906,51949,0,0,0,0,0,0,0,0,0,0,0,0,0,0,0
B0128,18,000,Total,ASSAM,Bicycle,1041780,990310,51470,0,0,0,231595,218053,13542,533135,505283,27852,166149,160625,5524,55387,53976,1411,55514,52373,3141,0,0,0,0,0,0,0,0,0
B0128,18,000,Total,ASSAM,Moped/Scooter/Motor Cycle,327518,305485,22033,0,0,0,54049,50382,3667,139922,128979,10943,62080,58236,3844,36723,34986,1737,11973,11510,463,9507,9090,417,4488,4274,214,8776,8028,748
B0128,18,000,Total,ASSAM,Car/Jeep/Van,90610,74099,16511,0,0,0,12157,9689,2468,30572,23668,6904,16226,13085,3141,11000,9358,1642,4935,4368,567,5680,5075,605,6615,6036,579,3425,2820,605
B0128,18,000,Total,ASSAM,Tempo/Autorickshaw/Taxi,116593,84701,31892,0,0,0,11142,7156,3986,49540,31781,17759,28952,22849,6103,14179,12010,2169,3913,3494,419,3585,3086,499,2208,2012,196,3074,2313,761
B0128,18,000,Total,ASSAM,Bus,408509,346577,61932,0,0,0,15095,11589,3506,58022,42470,15552,70785,56304,14481,71448,60186,11262,42131,37080,5051,52915,47976,4939,88448,82908,5540,9665,8064,1601
B0128,18,000,Total,ASSAM,Train,57863,52998,4865,0,0,0,5354,4190,1164,6499,5629,870,3106,2842,264,2815,2623,192,2188,2025,163,4722,4411,311,27832,26413,1419,5347,4865,482
B0128,18,000,Total,ASSAM,Water transport,9449,8712,737,0,0,0,1097,966,131,3546,3319,227,2018,1874,144,1245,1154,91,390,353,37,346,321,25,472,451,21,335,274,61
B0128,18,000,Total,ASSAM,Any other,35896,29694,6202,0,0,0,8778,6353,2425,9262,7231,2031,5284,4725,559,2998,2699,299,1256,1161,95,1469,1366,103,3226,3048,178,3623,3111,512
B0128,18,000,Total,ASSAM,No travel,1746568,1112591,633977,1746568,1112591,633977,0,0,0,0,0,0,0,0,0,0,0,0,0,0,0,0,0,0,0,0,0,0,0,0
B0128,18,000,Rural,ASSAM,All Modes,4101085,2910240,1190845,1373684,847777,525907,1006980,642078,364902,928824,719937,208887,385148,322916,62232,142641,131625,11016,87949,81418,6531,54586,50656,3930,102805,97597,5208,18468,16236,2232
B0128,18,000,Rural,ASSAM,On foot,1342223,789239,552984,0,0,0,800797,455880,344917,406421,241770,164651,135005,91589,43416,0,0,0,0,0,0,0,0,0,0,0,0,0,0,0
B0128,18,000,Rural,ASSAM,Bicycle,783762,739429,44333,0,0,0,156775,144975,11800,393541,369608,23933,142652,137794,4858,49005,47791,1214,41789,39261,2528,0,0,0,0,0,0,0,0,0
B0128,18,000,Rural,ASSAM,Moped/Scooter/Motor Cycle,167891,156414,11477,0,0,0,22385,20588,1797,63241,58033,5208,36789,34496,2293,24492,23373,1119,8391,8074,317,5758,5543,215,2921,2794,127,3914,3513,401
B0128,18,000,Rural,ASSAM,Car/Jeep/Van,31779,27281,4498,0,0,0,3832,3059,773,7590,6047,1543,5416,4585,831,4999,4462,537,2545,2318,227,2827,2602,225,3497,3282,215,1073,926,147
B0128,18,000,Rural,ASSAM,Tempo/Autorickshaw/Taxi,62285,49388,12897,0,0,0,4263,3105,1158,20939,14883,6056,18834,15441,3393,10259,8916,1343,2612,2371,241,2268,2071,197,1464,1366,98,1646,1235,411
B0128,18,000,Rural,ASSAM,Bus,266274,234817,31457,0,0,0,8824,6953,1871,24579,18594,5985,38729,31944,6785,48461,42055,6406,30019,26974,3045,39285,36258,3027,71214,67489,3725,5163,4550,613
B0128,18,000,Rural,ASSAM,Train,41848,38492,3356,0,0,0,3791,2839,952,4475,3837,638,2219,2042,177,2050,1929,121,1421,1334,87,3083,2896,187,20913,20011,902,3896,3604,292
B0128,18,000,Rural,ASSAM,Water transport,8033,7525,508,0,0,0,938,838,100,3070,2916,154,1735,1635,100,1073,1012,61,303,283,20,293,277,16,383,368,15,238,196,42
B0128,18,000,Rural,ASSAM,Any other,23306,19878,3428,0,0,0,5375,3841,1534,4968,4249,719,3769,3390,379,2302,2087,215,869,803,66,1072,1009,63,2413,2287,126,2538,2212,326
B0128,18,000,Rural,ASSAM,No travel,1373684,847777,525907,1373684,847777,525907,0,0,0,0,0,0,0,0,0,0,0,0,0,0,0,0,0,0,0,0,0,0,0,0
B0128,18,000,Urban,ASSAM,All Modes,1470311,1196603,273708,372884,264814,108070,386943,321983,64960,404773,347510,57263,148307,124530,23777,53154,45367,7787,34351,30946,3405,23638,20669,2969,30484,27545,2939,15777,13239,2538
B0128,18,000,Urban,ASSAM,On foot,394387,312437,81950,0,0,0,253859,199803,54056,96678,77317,19361,43850,35317,8533,0,0,0,0,0,0,0,0,0,0,0,0,0,0,0
B0128,18,000,Urban,ASSAM,Bicycle,258018,250881,7137,0,0,0,74820,73078,1742,139594,135675,3919,23497,22831,666,6382,6185,197,13725,13112,613,0,0,0,0,0,0,0,0,0
B0128,18,000,Urban,ASSAM,Moped/Scooter/Motor Cycle,159627,149071,10556,0,0,0,31664,29794,1870,76681,70946,5735,25291,23740,1551,12231,11613,618,3582,3436,146,3749,3547,202,1567,1480,87,4862,4515,347
B0128,18,000,Urban,ASSAM,Car/Jeep/Van,58831,46818,12013,0,0,0,8325,6630,1695,22982,17621,5361,10810,8500,2310,6001,4896,1105,2390,2050,340,2853,2473,380,3118,2754,364,2352,1894,458
B0128,18,000,Urban,ASSAM,Tempo/Autorickshaw/Taxi,54308,35313,18995,0,0,0,6879,4051,2828,28601,16898,11703,10118,7408,2710,3920,3094,826,1301,1123,178,1317,1015,302,744,646,98,1428,1078,350
B0128,18,000,Urban,ASSAM,Bus,142235,111760,30475,0,0,0,6271,4636,1635,33443,23876,9567,32056,24360,7696,22987,18131,4856,12112,10106,2006,13630,11718,1912,17234,15419,1815,4502,3514,988
B0128,18,000,Urban,ASSAM,Train,16015,14506,1509,0,0,0,1563,1351,212,2024,1792,232,887,800,87,765,694,71,767,691,76,1639,1515,124,6919,6402,517,1451,1261,190
B0128,18,000,Urban,ASSAM,Water transport,1416,1187,229,0,0,0,159,128,31,476,403,73,283,239,44,172,142,30,87,70,17,53,44,9,89,83,6,97,78,19
B0128,18,000,Urban,ASSAM,Any other,12590,9816,2774,0,0,0,3403,2512,891,4294,2982,1312,1515,1335,180,696,612,84,387,358,29,397,357,40,813,761,52,1085,899,186
B0128,18,000,Urban,ASSAM,No travel,372884,264814,108070,372884,264814,108070,0,0,0,0,0,0,0,0,0,0,0,0,0,0,0,0,0,0,0,0,0,0,0,0
B0128,19,000,Total,WEST BENGAL,All Modes,16986701,13648509,3338192,4891246,3370523,1520723,3152772,2455704,697068,3596302,3061206,535096,2159622,1860072,299550,1020237,915603,104634,713138,652973,60165,504263,458122,46141,690885,649680,41205,258236,224626,33610
B0128,19,000,Total,WEST BENGAL,On foot,3870932,2768010,1102922,0,0,0,2223668,1596212,627456,983451,669627,313824,663813,502171,161642,0,0,0,0,0,0,0,0,0,0,0,0,0,0,0
B0128,19,000,Total,WEST BENGAL,Bicycle,3648334,3483129,165205,0,0,0,671247,639577,31670,1774844,1684517,90327,666367,643400,22967,244969,238717,6252,290907,276918,13989,0,0,0,0,0,0,0,0,0
B0128,19,000,Total,WEST BENGAL,Moped/Scooter/Motor Cycle,688365,647859,40506,0,0,0,94176,87469,6707,257301,241915,15386,143509,135976,7533,86063,82086,3977,29620,28364,1256,24208,23168,1040,12738,12218,520,40750,36663,4087
B0128,19,000,Total,WEST BENGAL,Car/Jeep/Van,314864,272631,42233,0,0,0,29773,25095,4678,96002,81202,14800,77909,68235,9674,50835,44432,6403,16026,14245,1781,13272,12025,1247,11880,11001,879,19167,16396,2771
B0128,19,000,Total,WEST BENGAL,Tempo/Autorickshaw/Taxi,218559,167232,51327,0,0,0,19538,13565,5973,78091,53275,24816,49900,39593,10307,27800,23390,4410,9738,8724,1014,9597,8556,1041,8681,8130,551,15214,11999,3215
B0128,19,000,Total,WEST BENGAL,Bus,1623649,1381303,242346,0,0,0,55365,43971,11394,289469,230184,59285,382861,317837,65024,337835,287799,50036,154918,136456,18462,164638,149977,14661,164990,154021,10969,73573,61058,12515
B0128,19,000,Total,WEST BENGAL,Train,1522973,1368168,154805,0,0,0,35103,29448,5655,65754,55207,10547,136664,116916,19748,250015,217927,32088,203107,179951,23156,281839,254304,27535,463886,436710,27176,86605,77705,8900
B0128,19,000,Total,WEST BENGAL,Water transport,51102,47371,3731,0,0,0,4466,3791,675,8109,7351,758,7478,6775,703,5345,4896,449,2713,2541,172,3940,3757,183,14081,13726,355,4970,4534,436
B0128,19,000,Total,WEST BENGAL,Any other,156677,142283,14394,0,0,0,19436,16576,2860,43281,37928,5353,31121,29169,1952,17375,16356,1019,6109,5774,335,6769,6335,434,14629,13874,755,17957,16271,1686
B0128,19,000,Total,WEST BENGAL,No travel,4891246,3370523,1520723,4891246,3370523,1520723,0,0,0,0,0,0,0,0,0,0,0,0,0,0,0,0,0,0,0,0,0,0,0,0
B0128,19,000,Rural,WEST BENGAL,All Modes,7679594,6023057,1656537,2485861,1656079,829782,1230960,882038,348922,1522641,1250917,271724,905691,790591,115100,428218,400724,27494,299494,280220,19274,260002,243101,16901,466707,446376,20331,80020,73011,7009
B0128,19,000,Rural,WEST BENGAL,On foot,1659426,1073889,585537,0,0,0,911547,588120,323427,496409,307208,189201,251470,178561,72909,0,0,0,0,0,0,0,0,0,0,0,0,0,0,0
B0128,19,000,Rural,WEST BENGAL,Bicycle,1786767,1690213,96554,0,0,0,248768,232345,16423,820022,765470,54552,416996,401770,15226,172147,168057,4090,128834,122571,6263,0,0,0,0,0,0,0,0,0
B0128,19,000,Rural,WEST BENGAL,Moped/Scooter/Motor Cycle,229602,216829,12773,0,0,0,23780,21831,1949,70865,66801,4064,52323,49632,2691,38637,37024,1613,15535,14938,597,12065,11651,414,6829,6601,228,9568,8351,1217
B0128,19,000,Rural,WEST BENGAL,Car/Jeep/Van,112621,101834,10787,0,0,0,9685,8504,1181,34778,30201,4577,28824,26363,2461,17406,16264,1142,6159,5811,348,5321,5042,279,5505,5223,282,4943,4426,517
B0128,19,000,Rural,WEST BENGAL,Tempo/Autorickshaw/Taxi,59824,49160,10664,0,0,0,3357,2542,815,15103,10844,4259,15368,12477,2891,10439,9109,1330,4086,3781,305,4093,3836,257,4196,4015,181,3182,2556,626
B0128,19,000,Rural,WEST BENGAL,Bus,615854,552273,63581,0,0,0,12293,9899,2394,46832,35648,11184,94008,79219,14789,128842,114846,13996,84555,77866,6689,109073,102472,6601,124435,118240,6195,15816,14083,1733
B0128,19,000,Rural,WEST BENGAL,Train,619482,578919,40563,0,0,0,12350,10563,1787,16201,14046,2155,25858,22856,3002,47855,43125,4730,54967,50114,4853,122233,113208,9025,303388,290629,12759,36630,34378,2252
B0128,19,000,Rural,WEST BENGAL,Water transport,37450,35415,2035,0,0,0,2742,2338,404,4771,4441,330,4580,4251,329,3652,3417,235,2015,1906,109,3297,3172,125,13154,12857,297,3239,3033,206
B0128,19,000,Rural,WEST BENGAL,Any other,72707,68446,4261,0,0,0,6438,5896,542,17660,16258,1402,16264,15462,802,9240,8882,358,3343,3233,110,3920,3720,200,9200,8811,389,6642,6184,458
B0128,19,000,Rural,WEST BENGAL,No travel,2485861,1656079,829782,2485861,1656079,829782,0,0,0,0,0,0,0,0,0,0,0,0,0,0,0,0,0,0,0,0,0,0,0,0
B0128,19,000,Urban,WEST BENGAL,All Modes,9307107,7625452,1681655,2405385,1714444,690941,1921812,1573666,348146,2073661,1810289,263372,1253931,1069481,184450,592019,514879,77140,413644,372753,40891,244261,215021,29240,224178,203304,20874,178216,151615,26601
B0128,19,000,Urban,WEST BENGAL,On foot,2211506,1694121,517385,0,0,0,1312121,1008092,304029,487042,362419,124623,412343,323610,88733,0,0,0,0,0,0,0,0,0,0,0,0,0,0,0
B0128,19,000,Urban,WEST BENGAL,Bicycle,1861567,1792916,68651,0,0,0,422479,407232,15247,954822,919047,35775,249371,241630,7741,72822,70660,2162,162073,154347,7726,0,0,0,0,0,0,0,0,0
B0128,19,000,Urban,WEST BENGAL,Moped/Scooter/Motor Cycle,458763,431030,27733,0,0,0,70396,65638,4758,186436,175114,11322,91186,86344,4842,47426,45062,2364,14085,13426,659,12143,11517,626,5909,5617,292,31182,28312,2870
B0128,19,000,Urban,WEST BENGAL,Car/Jeep/Van,202243,170797,31446,0,0,0,20088,16591,3497,61224,51001,10223,49085,41872,7213,33429,28168,5261,9867,8434,1433,7951,6983,968,6375,5778,597,14224,11970,2254
B0128,19,000,Urban,WEST BENGAL,Tempo/Autorickshaw/Taxi,158735,118072,40663,0,0,0,16181,11023,5158,62988,42431,20557,34532,27116,7416,17361,14281,3080,5652,4943,709,5504,4720,784,4485,4115,370,12032,9443,2589
B0128,19,000,Urban,WEST BENGAL,Bus,1007795,829030,178765,0,0,0,43072,34072,9000,242637,194536,48101,288853,238618,50235,208993,172953,36040,70363,58590,11773,55565,47505,8060,40555,35781,4774,57757,46975,10782
B0128,19,000,Urban,WEST BENGAL,Train,903491,789249,114242,0,0,0,22753,18885,3868,49553,41161,8392,110806,94060,16746,202160,174802,27358,148140,129837,18303,159606,141096,18510,160498,146081,14417,49975,43327,6648
B0128,19,000,Urban,WEST BENGAL,Water transport,13652,11956,1696,0,0,0,1724,1453,271,3338,2910,428,2898,2524,374,1693,1479,214,698,635,63,643,585,58,927,869,58,1731,1501,230
B0128,19,000,Urban,WEST BENGAL,Any other,83970,73837,10133,0,0,0,12998,10680,2318,25621,21670,3951,14857,13707,1150,8135,7474,661,2766,2541,225,2849,2615,234,5429,5063,366,11315,10087,1228
B0128,19,000,Urban,WEST BENGAL,No travel,2405385,1714444,690941,2405385,1714444,690941,0,0,0,0,0,0,0,0,0,0,0,0,0,0,0,0,0,0,0,0,0,0,0,0
B0128,20,000,Total,JHARKHAND,All Modes,4392228,3566412,825816,1077683,734639,343044,780170,602384,177786,1248322,1074016,174306,660192,576115,84077,245025,227255,17770,146006,137147,8859,66298,61035,5263,91339,85982,5357,77193,67839,9354
B0128,20,000,Total,JHARKHAND,On foot,1259203,920992,338211,0,0,0,593205,428224,164981,467095,346569,120526,198903,146199,52704,0,0,0,0,0,0,0,0,0,0,0,0,0,0,0
B0128,20,000,Total,JHARKHAND,Bicycle,949583,916510,33073,0,0,0,90320,86559,3761,443000,426629,16371,237470,230033,7437,95514,93186,2328,83279,80103,3176,0,0,0,0,0,0,0,0,0
B0128,20,000,Total,JHARKHAND,Moped/Scooter/Motor Cycle,553501,523733,29768,0,0,0,68941,65145,3796,227181,214398,12783,121902,115897,6005,61239,58333,2906,18531,17727,804,15676,14965,711,6793,6517,276,33238,30751,2487
B0128,20,000,Total,JHARKHAND,Car/Jeep/Van,73165,63797,9368,0,0,0,7313,6178,1135,22089,18726,3363,15684,13577,2107,10764,9657,1107,4479,4079,400,4498,4157,341,3708,3465,243,4630,3958,672
B0128,20,000,Total,JHARKHAND,Tempo/Autorickshaw/Taxi,174579,136086,38493,0,0,0,8739,6466,2273,56641,41290,15351,48977,39081,9896,32890,27128,5762,8242,7107,1135,4761,4161,600,1927,1723,204,12402,9130,3272
B0128,20,000,Total,JHARKHAND,Bus,168791,144782,24009,0,0,0,4900,3950,950,19546,14945,4601,25790,20874,4916,30887,26249,4638,22523,19812,2711,25485,22908,2577,31244,28989,2255,8416,7055,1361
B0128,20,000,Total,JHARKHAND,Train,112869,104905,7964,0,0,0,4271,3690,581,6765,6064,701,6853,6213,640,10886,10064,822,7869,7288,581,14481,13496,985,45396,43068,2328,16348,15022,1326
B0128,20,000,Total,JHARKHAND,Water transport,1495,1259,236,0,0,0,297,216,81,274,240,34,236,204,32,96,84,12,55,47,8,74,67,7,212,205,7,251,196,55
B0128,20,000,Total,JHARKHAND,Any other,21359,19709,1650,0,0,0,2184,1956,228,5731,5155,576,4377,4037,340,2749,2554,195,1028,984,44,1323,1281,42,2059,2015,44,1908,1727,181
B0128,20,000,Total,JHARKHAND,No travel,1077683,734639,343044,1077683,734639,343044,0,0,0,0,0,0,0,0,0,0,0,0,0,0,0,0,0,0,0,0,0,0,0,0
B0128,20,000,Rural,JHARKHAND,All Modes,2305882,1786347,519535,668598,423913,244685,361149,252652,108497,546649,453687,92962,349242,299786,49456,160710,150788,9922,90697,85529,5168,40002,37365,2637,62861,59863,2998,25974,22764,3210
B0128,20,000,Rural,JHARKHAND,On foot,661083,445357,215726,0,0,0,295390,192095,103295,254521,178347,76174,111172,74915,36257,0,0,0,0,0,0,0,0,0,0,0,0,0,0,0
B0128,20,000,Rural,JHARKHAND,Bicycle,545649,526386,19263,0,0,0,40625,38372,2253,215627,206947,8680,160840,156150,4690,79252,77411,1841,49305,47506,1799,0,0,0,0,0,0,0,0,0
B0128,20,000,Rural,JHARKHAND,Moped/Scooter/Motor Cycle,148565,138986,9579,0,0,0,14688,13517,1171,45650,42377,3273,33319,31360,1959,26764,25433,1331,10289,9827,462,7311,6977,334,3296,3167,129,7248,6328,920
B0128,20,000,Rural,JHARKHAND,Car/Jeep/Van,20780,18842,1938,0,0,0,1395,1181,214,3475,3055,420,4335,3852,483,4670,4338,332,2402,2235,167,2157,2032,125,1522,1442,80,824,707,117
B0128,20,000,Rural,JHARKHAND,Tempo/Autorickshaw/Taxi,68955,57249,11706,0,0,0,2759,2205,554,13203,10672,2531,19834,16371,3463,19638,16439,3199,6097,5314,783,2842,2606,236,1018,956,62,3564,2686,878
B0128,20,000,Rural,JHARKHAND,Bus,105341,94246,11095,0,0,0,2708,2250,458,7887,6613,1274,12704,10715,1989,20435,17886,2549,16922,15307,1615,17723,16382,1341,22628,21282,1346,4334,3811,523
B0128,20,000,Rural,JHARKHAND,Train,74241,69699,4542,0,0,0,2463,2066,397,3710,3329,381,4274,3904,370,7921,7413,508,4904,4595,309,9010,8444,566,32914,31554,1360,9045,8394,651
B0128,20,000,Rural,JHARKHAND,Water transport,784,661,123,0,0,0,193,134,59,115,107,8,117,98,19,53,47,6,33,30,3,44,40,4,128,127,1,101,78,23
B0128,20,000,Rural,JHARKHAND,Any other,11886,11008,878,0,0,0,928,832,96,2461,2240,221,2647,2421,226,1977,1821,156,745,715,30,915,884,31,1355,1335,20,858,760,98
B0128,20,000,Rural,JHARKHAND,No travel,668598,423913,244685,668598,423913,244685,0,0,0,0,0,0,0,0,0,0,0,0,0,0,0,0,0,0,0,0,0,0,0,0
B0128,20,000,Urban,JHARKHAND,All Modes,2086346,1780065,306281,409085,310726,98359,419021,349732,69289,701673,620329,81344,310950,276329,34621,84315,76467,7848,55309,51618,3691,26296,23670,2626,28478,26119,2359,51219,45075,6144
B0128,20,000,Urban,JHARKHAND,On foot,598120,475635,122485,0,0,0,297815,236129,61686,212574,168222,44352,87731,71284,16447,0,0,0,0,0,0,0,0,0,0,0,0,0,0,0
B0128,20,000,Urban,JHARKHAND,Bicycle,403934,390124,13810,0,0,0,49695,48187,1508,227373,219682,7691,76630,73883,2747,16262,15775,487,33974,32597,1377,0,0,0,0,0,0,0,0,0
B0128,20,000,Urban,JHARKHAND,Moped/Scooter/Motor Cycle,404936,384747,20189,0,0,0,54253,51628,2625,181531,172021,9510,88583,84537,4046,34475,32900,1575,8242,7900,342,8365,7988,377,3497,3350,147,25990,24423,1567
B0128,20,000,Urban,JHARKHAND,Car/Jeep/Van,52385,44955,7430,0,0,0,5918,4997,921,18614,15671,2943,11349,9725,1624,6094,5319,775,2077,1844,233,2341,2125,216,2186,2023,163,3806,3251,555
B0128,20,000,Urban,JHARKHAND,Tempo/Autorickshaw/Taxi,105624,78837,26787,0,0,0,5980,4261,1719,43438,30618,12820,29143,22710,6433,13252,10689,2563,2145,1793,352,1919,1555,364,909,767,142,8838,6444,2394
B0128,20,000,Urban,JHARKHAND,Bus,63450,50536,12914,0,0,0,2192,1700,492,11659,8332,3327,13086,10159,2927,10452,8363,2089,5601,4505,1096,7762,6526,1236,8616,7707,909,4082,3244,838
B0128,20,000,Urban,JHARKHAND,Train,38628,35206,3422,0,0,0,1808,1624,184,3055,2735,320,2579,2309,270,2965,2651,314,2965,2693,272,5471,5052,419,12482,11514,968,7303,6628,675
B0128,20,000,Urban,JHARKHAND,Water transport,711,598,113,0,0,0,104,82,22,159,133,26,119,106,13,43,37,6,22,17,5,30,27,3,84,78,6,150,118,32
B0128,20,000,Urban,JHARKHAND,Any other,9473,8701,772,0,0,0,1256,1124,132,3270,2915,355,1730,1616,114,772,733,39,283,269,14,408,397,11,704,680,24,1050,967,83
B0128,20,000,Urban,JHARKHAND,No travel,409085,310726,98359,409085,310726,98359,0,0,0,0,0,0,0,0,0,0,0,0,0,0,0,0,0,0,0,0,0,0,0,0
B0128,21,000,Total,ODISHA,All Modes,5914527,4606254,1308273,1554023,1036765,517258,1061075,776009,285066,1494535,1212159,282376,808887,668884,140003,356913,326005,30908,257415,237769,19646,115323,105065,10258,151739,141330,10409,114617,102268,12349
B0128,21,000,Total,ODISHA,On foot,1478828,924447,554381,0,0,0,716506,456419,260087,509423,307316,202107,252899,160712,92187,0,0,0,0,0,0,0,0,0,0,0,0,0,0,0
B0128,21,000,Total,ODISHA,Bicycle,1431140,1359604,71536,0,0,0,206534,195633,10901,629323,594543,34780,307941,294213,13728,144309,139644,4665,143033,135571,7462,0,0,0,0,0,0,0,0,0
B0128,21,000,Total,ODISHA,Moped/Scooter/Motor Cycle,790585,734120,56465,0,0,0,105968,98385,7583,268798,246051,22747,156110,144787,11323,107890,101626,6264,44403,42348,2055,36043,34329,1714,19077,18280,797,52296,48314,3982
B0128,21,000,Total,ODISHA,Car/Jeep/Van,73187,62833,10354,0,0,0,7169,6077,1092,17043,14297,2746,12727,10451,2276,10691,9132,1559,5805,5125,680,5867,5315,552,6420,5995,425,7465,6441,1024
B0128,21,000,Total,ODISHA,Tempo/Autorickshaw/Taxi,84434,60187,24247,0,0,0,6242,4482,1760,23198,13608,9590,20342,13689,6653,15125,11922,3203,5145,4537,608,4414,3991,423,2758,2560,198,7210,5398,1812
B0128,21,000,Total,ODISHA,Bus,332014,271932,60082,0,0,0,8302,6048,2254,25812,17768,8044,40138,27904,12234,61587,47704,13883,47562,39654,7908,54526,47967,6559,72338,66545,5793,21749,18342,3407
B0128,21,000,Total,ODISHA,Train,104582,95344,9238,0,0,0,5086,4309,777,7763,6815,948,5191,4557,634,6274,5445,829,6386,5692,694,9542,8655,887,44856,41852,3004,19484,18019,1465
B0128,21,000,Total,ODISHA,Water transport,34549,33349,1200,0,0,0,1917,1734,183,6509,6151,358,7947,7735,212,7089,6945,144,3264,3194,70,3114,3060,54,2742,2683,59,1967,1847,120
B0128,21,000,Total,ODISHA,Any other,31185,27673,3512,0,0,0,3351,2922,429,6666,5610,1056,5592,4836,756,3948,3587,361,1817,1648,169,1817,1748,69,3548,3415,133,4446,3907,539
B0128,21,000,Total,ODISHA,No travel,1554023,1036765,517258,1554023,1036765,517258,0,0,0,0,0,0,0,0,0,0,0,0,0,0,0,0,0,0,0,0,0,0,0,0
B0128,21,000,Rural,ODISHA,All Modes,3795129,2876263,918866,1135991,741533,394458,617506,418615,198891,856133,670857,185276,529050,434316,94734,246290,228736,17554,163680,152734,10946,80190,74352,5838,110925,104676,6249,55364,50444,4920
B0128,21,000,Rural,ODISHA,On foot,1015018,611761,403257,0,0,0,469830,282666,187164,365782,218302,147480,179406,110793,68613,0,0,0,0,0,0,0,0,0,0,0,0,0,0,0
B0128,21,000,Rural,ODISHA,Bicycle,907309,859415,47894,0,0,0,102161,95291,6870,366818,344488,22330,230925,220551,10374,118335,114563,3772,89070,84522,4548,0,0,0,0,0,0,0,0,0
B0128,21,000,Rural,ODISHA,Moped/Scooter/Motor Cycle,324969,303612,21357,0,0,0,30028,27960,2068,82550,75300,7250,67543,62767,4776,62826,59393,3433,28602,27365,1237,22557,21651,906,12550,12068,482,18313,17108,1205
B0128,21,000,Rural,ODISHA,Car/Jeep/Van,26347,22751,3596,0,0,0,2248,1893,355,4735,4015,720,3773,2965,808,4252,3595,657,2461,2208,253,2955,2669,286,3397,3194,203,2526,2212,314
B0128,21,000,Rural,ODISHA,Tempo/Autorickshaw/Taxi,37381,29999,7382,0,0,0,2337,1925,412,7984,5818,2166,8869,6625,2244,7699,6323,1376,3178,2828,350,2618,2420,198,1701,1621,80,2995,2439,556
B0128,21,000,Rural,ODISHA,Bus,232563,199728,32835,0,0,0,5164,3966,1198,15231,11166,4065,25518,18676,6842,41472,33959,7513,33013,29015,3998,41517,37707,3810,56070,52435,3635,14578,12804,1774
B0128,21,000,Rural,ODISHA,Train,71551,66337,5214,0,0,0,2831,2345,486,4475,3961,514,3468,3106,362,4329,3871,458,3980,3587,393,6829,6277,552,32524,30808,1716,13115,12382,733
B0128,21,000,Rural,ODISHA,Water transport,24784,23954,830,0,0,0,1352,1212,140,5393,5106,287,5897,5740,157,4466,4391,75,1952,1919,33,2354,2324,30,2058,2018,40,1312,1244,68
B0128,21,000,Rural,ODISHA,Any other,19216,17173,2043,0,0,0,1555,1357,198,3165,2701,464,3651,3093,558,2911,2641,270,1424,1290,134,1360,1304,56,2625,2532,93,2525,2255,270
B0128,21,000,Rural,ODISHA,No travel,1135991,741533,394458,1135991,741533,394458,0,0,0,0,0,0,0,0,0,0,0,0,0,0,0,0,0,0,0,0,0,0,0,0
B0128,21,000,Urban,ODISHA,All Modes,2119398,1729991,389407,418032,295232,122800,443569,357394,86175,638402,541302,97100,279837,234568,45269,110623,97269,13354,93735,85035,8700,35133,30713,4420,40814,36654,4160,59253,51824,7429
B0128,21,000,Urban,ODISHA,On foot,463810,312686,151124,0,0,0,246676,173753,72923,143641,89014,54627,73493,49919,23574,0,0,0,0,0,0,0,0,0,0,0,0,0,0,0
B0128,21,000,Urban,ODISHA,Bicycle,523831,500189,23642,0,0,0,104373,100342,4031,262505,250055,12450,77016,73662,3354,25974,25081,893,53963,51049,2914,0,0,0,0,0,0,0,0,0
B0128,21,000,Urban,ODISHA,Moped/Scooter/Motor Cycle,465616,430508,35108,0,0,0,75940,70425,5515,186248,170751,15497,88567,82020,6547,45064,42233,2831,15801,14983,818,13486,12678,808,6527,6212,315,33983,31206,2777
B0128,21,000,Urban,ODISHA,Car/Jeep/Van,46840,40082,6758,0,0,0,4921,4184,737,12308,10282,2026,8954,7486,1468,6439,5537,902,3344,2917,427,2912,2646,266,3023,2801,222,4939,4229,710
B0128,21,000,Urban,ODISHA,Tempo/Autorickshaw/Taxi,47053,30188,16865,0,0,0,3905,2557,1348,15214,7790,7424,11473,7064,4409,7426,5599,1827,1967,1709,258,1796,1571,225,1057,939,118,4215,2959,1256
B0128,21,000,Urban,ODISHA,Bus,99451,72204,27247,0,0,0,3138,2082,1056,10581,6602,3979,14620,9228,5392,20115,13745,6370,14549,10639,3910,13009,10260,2749,16268,14110,2158,7171,5538,1633
B0128,21,000,Urban,ODISHA,Train,33031,29007,4024,0,0,0,2255,1964,291,3288,2854,434,1723,1451,272,1945,1574,371,2406,2105,301,2713,2378,335,12332,11044,1288,6369,5637,732
B0128,21,000,Urban,ODISHA,Water transport,9765,9395,370,0,0,0,565,522,43,1116,1045,71,2050,1995,55,2623,2554,69,1312,1275,37,760,736,24,684,665,19,655,603,52
B0128,21,000,Urban,ODISHA,Any other,11969,10500,1469,0,0,0,1796,1565,231,3501,2909,592,1941,1743,198,1037,946,91,393,358,35,457,444,13,923,883,40,1921,1652,269
B0128,21,000,Urban,ODISHA,No travel,418032,295232,122800,418032,295232,122800,0,0,0,0,0,0,0,0,0,0,0,0,0,0,0,0,0,0,0,0,0,0,0,0
B0128,22,000,Total,CHHATTISGARH,All Modes,2895916,2251936,643980,649950,455530,194420,607911,429045,178866,879393,702116,177277,377602,324490,53112,176952,159180,17772,85790,77316,8474,52744,46336,6408,46786,41361,5425,18788,16562,2226
B0128,22,000,Total,CHHATTISGARH,On foot,708684,414061,294623,0,0,0,406112,246415,159697,240583,128624,111959,61989,39022,22967,0,0,0,0,0,0,0,0,0,0,0,0,0,0,0
B0128,22,000,Total,CHHATTISGARH,Bicycle,732874,685368,47506,0,0,0,104938,97077,7861,370982,344206,26776,156927,148442,8485,65492,63080,2412,34535,32563,1972,0,0,0,0,0,0,0,0,0
B0128,22,000,Total,CHHATTISGARH,Moped/Scooter/Motor Cycle,553102,496022,57080,0,0,0,81140,73060,8080,219660,193699,25961,118387,106127,12260,69979,63506,6473,24606,22889,1717,19249,18119,1130,8578,8147,431,11503,10475,1028
B0128,22,000,Total,CHHATTISGARH,Car/Jeep/Van,47895,42378,5517,0,0,0,5156,4405,751,13812,11894,1918,9220,8126,1094,6992,6254,738,3360,3045,315,4339,4003,336,3580,3349,231,1436,1302,134
B0128,22,000,Total,CHHATTISGARH,Tempo/Autorickshaw/Taxi,37883,26883,11000,0,0,0,2285,1523,762,12744,7450,5294,9922,7081,2841,6893,5605,1288,2266,1994,272,1813,1636,177,763,696,67,1197,898,299
B0128,22,000,Total,CHHATTISGARH,Bus,99306,72742,26564,0,0,0,2919,2053,866,8637,4953,3684,13325,8621,4704,21123,14865,6258,15449,11753,3696,17097,13363,3734,18892,15709,3183,1864,1425,439
B0128,22,000,Total,CHHATTISGARH,Train,50128,44637,5491,0,0,0,3166,2684,482,7778,6860,918,4438,3979,459,4760,4290,470,4875,4418,457,9283,8282,1001,13581,12115,1466,2247,2009,238
B0128,22,000,Total,CHHATTISGARH,Water transport,742,594,148,0,0,0,309,233,76,155,124,31,76,63,13,44,37,7,22,18,4,30,28,2,50,43,7,56,48,8
B0128,22,000,Total,CHHATTISGARH,Any other,15352,13721,1631,0,0,0,1886,1595,291,5042,4306,736,3318,3029,289,1669,1543,126,677,636,41,933,905,28,1342,1302,40,485,405,80
B0128,22,000,Total,CHHATTISGARH,No travel,649950,455530,194420,649950,455530,194420,0,0,0,0,0,0,0,0,0,0,0,0,0,0,0,0,0,0,0,0,0,0,0,0
B0128,22,000,Rural,CHHATTISGARH,All Modes,1145173,855179,289994,352678,240055,112623,217694,139311,78383,259344,194147,65197,148154,128280,19874,91296,84607,6689,35565,32635,2930,19625,17687,1938,17726,15754,1972,3091,2703,388
B0128,22,000,Rural,CHHATTISGARH,On foot,281632,154384,127248,0,0,0,166318,94147,72171,91238,45534,45704,24076,14703,9373,0,0,0,0,0,0,0,0,0,0,0,0,0,0,0
B0128,22,000,Rural,CHHATTISGARH,Bicycle,282885,261198,21687,0,0,0,32567,28690,3877,113869,102597,11272,76747,72535,4212,45517,43981,1536,14185,13395,790,0,0,0,0,0,0,0,0,0
B0128,22,000,Rural,CHHATTISGARH,Moped/Scooter/Motor Cycle,155843,140909,14934,0,0,0,15165,13599,1566,45478,39594,5884,37248,33615,3633,31669,29377,2292,12303,11548,755,8487,8014,473,3760,3575,185,1733,1587,146
B0128,22,000,Rural,CHHATTISGARH,Car/Jeep/Van,7904,6933,971,0,0,0,797,664,133,1613,1416,197,1121,951,170,1518,1289,229,810,730,80,1092,1021,71,809,741,68,144,121,23
B0128,22,000,Rural,CHHATTISGARH,Tempo/Autorickshaw/Taxi,6357,4814,1543,0,0,0,278,203,75,1031,677,354,1628,1080,548,1980,1557,423,688,620,68,450,417,33,187,168,19,115,92,23
B0128,22,000,Rural,CHHATTISGARH,Bus,38477,29748,8729,0,0,0,1101,838,263,2956,1699,1257,4415,2800,1615,7998,6008,1990,6021,4889,1132,6957,5841,1116,8484,7231,1253,545,442,103
B0128,22,000,Rural,CHHATTISGARH,Train,14388,12795,1593,0,0,0,863,670,193,1970,1667,303,1762,1610,152,1869,1716,153,1277,1194,83,2254,2025,229,3974,3548,426,419,365,54
B0128,22,000,Rural,CHHATTISGARH,Water transport,310,252,58,0,0,0,146,108,38,59,47,12,26,24,2,18,15,3,4,4,0,16,16,0,24,23,1,17,15,2
B0128,22,000,Rural,CHHATTISGARH,Any other,4699,4091,608,0,0,0,459,392,67,1130,916,214,1131,962,169,727,664,63,277,255,22,369,353,16,488,468,20,118,81,37
B0128,22,000,Rural,CHHATTISGARH,No travel,352678,240055,112623,352678,240055,112623,0,0,0,0,0,0,0,0,0,0,0,0,0,0,0,0,0,0,0,0,0,0,0,0
B0128,22,000,Urban,CHHATTISGARH,All Modes,1750743,1396757,353986,297272,215475,81797,390217,289734,100483,620049,507969,112080,229448,196210,33238,85656,74573,11083,50225,44681,5544,33119,28649,4470,29060,25607,3453,15697,13859,1838
B0128,22,000,Urban,CHHATTISGARH,On foot,427052,259677,167375,0,0,0,239794,152268,87526,149345,83090,66255,37913,24319,13594,0,0,0,0,0,0,0,0,0,0,0,0,0,0,0
B0128,22,000,Urban,CHHATTISGARH,Bicycle,449989,424170,25819,0,0,0,72371,68387,3984,257113,241609,15504,80180,75907,4273,19975,19099,876,20350,19168,1182,0,0,0,0,0,0,0,0,0
B0128,22,000,Urban,CHHATTISGARH,Moped/Scooter/Motor Cycle,397259,355113,42146,0,0,0,65975,59461,6514,174182,154105,20077,81139,72512,8627,38310,34129,4181,12303,11341,962,10762,10105,657,4818,4572,246,9770,8888,882
B0128,22,000,Urban,CHHATTISGARH,Car/Jeep/Van,39991,35445,4546,0,0,0,4359,3741,618,12199,10478,1721,8099,7175,924,5474,4965,509,2550,2315,235,3247,2982,265,2771,2608,163,1292,1181,111
B0128,22,000,Urban,CHHATTISGARH,Tempo/Autorickshaw/Taxi,31526,22069,9457,0,0,0,2007,1320,687,11713,6773,4940,8294,6001,2293,4913,4048,865,1578,1374,204,1363,1219,144,576,528,48,1082,806,276
B0128,22,000,Urban,CHHATTISGARH,Bus,60829,42994,17835,0,0,0,1818,1215,603,5681,3254,2427,8910,5821,3089,13125,8857,4268,9428,6864,2564,10140,7522,2618,10408,8478,1930,1319,983,336
B0128,22,000,Urban,CHHATTISGARH,Train,35740,31842,3898,0,0,0,2303,2014,289,5808,5193,615,2676,2369,307,2891,2574,317,3598,3224,374,7029,6257,772,9607,8567,1040,1828,1644,184
B0128,22,000,Urban,CHHATTISGARH,Water transport,432,342,90,0,0,0,163,125,38,96,77,19,50,39,11,26,22,4,18,14,4,14,12,2,26,20,6,39,33,6
B0128,22,000,Urban,CHHATTISGARH,Any other,10653,9630,1023,0,0,0,1427,1203,224,3912,3390,522,2187,2067,120,942,879,63,400,381,19,564,552,12,854,834,20,367,324,43
B0128,22,000,Urban,CHHATTISGARH,No travel,297272,215475,81797,297272,215475,81797,0,0,0,0,0,0,0,0,0,0,0,0,0,0,0,0,0,0,0,0,0,0,0,0
B0128,23,000,Total,MADHYA PRADESH,All Modes,8578168,6734201,1843967,2649496,1822297,827199,1568689,1214450,354239,2230113,1855441,374672,1077726,906397,171329,411813,367072,44741,232302,210439,21863,140111,123471,16640,150503,133697,16806,117415,100937,16478
B0128,23,000,Total,MADHYA PRADESH,On foot,2397596,1742544,655052,0,0,0,1155877,840601,315276,862827,621752,241075,378892,280191,98701,0,0,0,0,0,0,0,0,0,0,0,0,0,0,0
B0128,23,000,Total,MADHYA PRADESH,Bicycle,1281690,1224143,57547,0,0,0,159571,151231,8340,648120,619221,28899,269427,258829,10598,102709,99139,3570,101863,95723,6140,0,0,0,0,0,0,0,0,0
B0128,23,000,Total,MADHYA PRADESH,Moped/Scooter/Motor Cycle,1283793,1169688,114105,0,0,0,195628,178277,17351,523409,472025,51384,255818,233196,22622,142592,132646,9946,43634,41242,2392,40032,37469,2563,18463,17283,1180,64217,57550,6667
B0128,23,000,Total,MADHYA PRADESH,Car/Jeep/Van,135277,112831,22446,0,0,0,15408,12556,2852,40039,31999,8040,26282,21421,4861,18617,15774,2843,8196,7361,835,10076,9102,974,8464,7849,615,8195,6769,1426
B0128,23,000,Total,MADHYA PRADESH,Tempo/Autorickshaw/Taxi,158501,117637,40864,0,0,0,11183,7685,3498,59711,38994,20717,40798,31312,9486,23349,19836,3513,6684,5937,747,5359,4643,716,3021,2667,354,8396,6563,1833
B0128,23,000,Total,MADHYA PRADESH,Bus,503884,397265,106619,0,0,0,17321,12592,4729,70367,49165,21202,90870,67824,23046,111211,87922,23289,62365,51557,10808,67497,56776,10721,63161,54913,8248,21092,16516,4576
B0128,23,000,Total,MADHYA PRADESH,Train,124809,110106,14703,0,0,0,8327,6971,1356,13901,12248,1653,7659,6817,842,8145,7194,951,7349,6600,749,14642,13166,1476,52681,46510,6171,12105,10600,1505
B0128,23,000,Total,MADHYA PRADESH,Water transport,4554,3743,811,0,0,0,930,690,240,844,693,151,643,516,127,557,479,78,487,460,27,195,171,24,353,324,29,545,410,135
B0128,23,000,Total,MADHYA PRADESH,Any other,38568,33947,4621,0,0,0,4444,3847,597,10895,9344,1551,7337,6291,1046,4633,4082,551,1724,1559,165,2310,2144,166,4360,4151,209,2865,2529,336
B0128,23,000,Total,MADHYA PRADESH,No travel,2649496,1822297,827199,2649496,1822297,827199,0,0,0,0,0,0,0,0,0,0,0,0,0,0,0,0,0,0,0,0,0,0,0,0
B0128,23,000,Rural,MADHYA PRADESH,All Modes,2954012,2145530,808482,1256547,801293,455254,420739,281298,139441,540072,423337,116735,356757,293985,62772,165460,152806,12654,79311,72872,6439,47818,43352,4466,65546,57899,7647,21762,18688,3074
B0128,23,000,Rural,MADHYA PRADESH,On foot,774951,501529,273422,0,0,0,357335,225223,132112,279452,183943,95509,138164,92363,45801,0,0,0,0,0,0,0,0,0,0,0,0,0,0,0
B0128,23,000,Rural,MADHYA PRADESH,Bicycle,396331,376150,20181,0,0,0,30693,28030,2663,159708,151069,8639,117314,112398,4916,58125,56220,1905,30491,28433,2058,0,0,0,0,0,0,0,0,0
B0128,23,000,Rural,MADHYA PRADESH,Moped/Scooter/Motor Cycle,224188,208912,15276,0,0,0,19935,18113,1822,65504,60238,5266,52504,49238,3266,44373,42172,2201,15982,15239,743,11731,11110,621,5592,5293,299,8567,7509,1058
B0128,23,000,Rural,MADHYA PRADESH,Car/Jeep/Van,23391,20294,3097,0,0,0,2283,1867,416,3688,3037,651,3859,3189,670,5017,4423,594,2462,2245,217,2721,2500,221,2307,2150,157,1054,883,171
B0128,23,000,Rural,MADHYA PRADESH,Tempo/Autorickshaw/Taxi,32032,26795,5237,0,0,0,1471,1107,364,6785,5224,1561,9495,7861,1634,8813,7806,1007,2226,1992,234,1333,1207,126,746,683,63,1163,915,248
B0128,23,000,Rural,MADHYA PRADESH,Bus,182199,154443,27756,0,0,0,5044,3875,1169,18347,14250,4097,29430,23819,5611,43154,36898,6256,24456,21582,2874,26049,23038,3011,30006,26162,3844,5713,4819,894
B0128,23,000,Rural,MADHYA PRADESH,Train,48375,42514,5861,0,0,0,2485,1927,558,3517,3056,461,2712,2467,245,3433,3091,342,2686,2472,214,4721,4344,377,24579,21432,3147,4242,3725,517
B0128,23,000,Rural,MADHYA PRADESH,Water transport,1627,1237,390,0,0,0,416,279,137,288,241,47,286,206,80,164,122,42,69,55,14,53,43,10,172,163,9,179,128,51
B0128,23,000,Rural,MADHYA PRADESH,Any other,14371,12363,2008,0,0,0,1077,877,200,2783,2279,504,2993,2444,549,2381,2074,307,939,854,85,1210,1110,100,2144,2016,128,844,709,135
B0128,23,000,Rural,MADHYA PRADESH,No travel,1256547,801293,455254,1256547,801293,455254,0,0,0,0,0,0,0,0,0,0,0,0,0,0,0,0,0,0,0,0,0,0,0,0
B0128,23,000,Urban,MADHYA PRADESH,All Modes,5624156,4588671,1035485,1392949,1021004,371945,1147950,933152,214798,1690041,1432104,257937,720969,612412,108557,246353,214266,32087,152991,137567,15424,92293,80119,12174,84957,75798,9159,95653,82249,13404
B0128,23,000,Urban,MADHYA PRADESH,On foot,1622645,1241015,381630,0,0,0,798542,615378,183164,583375,437809,145566,240728,187828,52900,0,0,0,0,0,0,0,0,0,0,0,0,0,0,0
B0128,23,000,Urban,MADHYA PRADESH,Bicycle,885359,847993,37366,0,0,0,128878,123201,5677,488412,468152,20260,152113,146431,5682,44584,42919,1665,71372,67290,4082,0,0,0,0,0,0,0,0,0
B0128,23,000,Urban,MADHYA PRADESH,Moped/Scooter/Motor Cycle,1059605,960776,98829,0,0,0,175693,160164,15529,457905,411787,46118,203314,183958,19356,98219,90474,7745,27652,26003,1649,28301,26359,1942,12871,11990,881,55650,50041,5609
B0128,23,000,Urban,MADHYA PRADESH,Car/Jeep/Van,111886,92537,19349,0,0,0,13125,10689,2436,36351,28962,7389,22423,18232,4191,13600,11351,2249,5734,5116,618,7355,6602,753,6157,5699,458,7141,5886,1255
B0128,23,000,Urban,MADHYA PRADESH,Tempo/Autorickshaw/Taxi,126469,90842,35627,0,0,0,9712,6578,3134,52926,33770,19156,31303,23451,7852,14536,12030,2506,4458,3945,513,4026,3436,590,2275,1984,291,7233,5648,1585
B0128,23,000,Urban,MADHYA PRADESH,Bus,321685,242822,78863,0,0,0,12277,8717,3560,52020,34915,17105,61440,44005,17435,68057,51024,17033,37909,29975,7934,41448,33738,7710,33155,28751,4404,15379,11697,3682
B0128,23,000,Urban,MADHYA PRADESH,Train,76434,67592,8842,0,0,0,5842,5044,798,10384,9192,1192,4947,4350,597,4712,4103,609,4663,4128,535,9921,8822,1099,28102,25078,3024,7863,6875,988
B0128,23,000,Urban,MADHYA PRADESH,Water transport,2927,2506,421,0,0,0,514,411,103,556,452,104,357,310,47,393,357,36,418,405,13,142,128,14,181,161,20,366,282,84
B0128,23,000,Urban,MADHYA PRADESH,Any other,24197,21584,2613,0,0,0,3367,2970,397,8112,7065,1047,4344,3847,497,2252,2008,244,785,705,80,1100,1034,66,2216,2135,81,2021,1820,201
B0128,23,000,Urban,MADHYA PRADESH,No travel,1392949,1021004,371945,1392949,1021004,371945,0,0,0,0,0,0,0,0,0,0,0,0,0,0,0,0,0,0,0,0,0,0,0,0
B0128,24,000,Total,GUJARAT,All Modes,12136833,9896313,2240520,3253577,2091264,1162313,1962668,1597151,365517,3437748,3071115,366633,1694407,1509433,184974,725491,660258,65233,383349,352743,30606,216468,196324,20144,185551,167246,18305,277574,250779,26795
B0128,24,000,Total,GUJARAT,On foot,2492336,1941226,551110,0,0,0,1319323,1000807,318516,839159,677065,162094,333854,263354,70500,0,0,0,0,0,0,0,0,0,0,0,0,0,0,0
B0128,24,000,Total,GUJARAT,Bicycle,1428230,1381965,46265,0,0,0,180732,173867,6865,835846,810028,25818,243601,236863,6738,55993,54138,1855,112058,107069,4989,0,0,0,0,0,0,0,0,0
B0128,24,000,Total,GUJARAT,Moped/Scooter/Motor Cycle,2740585,2549944,190641,0,0,0,336929,314505,22424,1181295,1096036,85259,624001,580860,43141,299939,280204,19735,87083,81987,5096,49415,46497,2918,21363,19852,1511,140560,130003,10557
B0128,24,000,Total,GUJARAT,Car/Jeep/Van,353887,319081,34806,0,0,0,27750,24305,3445,96075,85953,10122,76992,69745,7247,63722,58137,5585,29860,27291,2569,23445,21374,2071,15027,13491,1536,21016,18785,2231
B0128,24,000,Total,GUJARAT,Tempo/Autorickshaw/Taxi,899543,782124,117419,0,0,0,56144,49212,6932,350593,292771,57822,245222,214505,30717,121099,108777,12322,37878,35363,2515,25303,23894,1409,14520,13671,849,48784,43931,4853
B0128,24,000,Total,GUJARAT,Bus,699129,587361,111768,0,0,0,20460,15952,4508,99541,78148,21393,141238,117287,23951,153874,131145,22729,88562,75907,12655,80929,70647,10282,77183,67266,9917,37342,31009,6333
B0128,24,000,Total,GUJARAT,Train,149942,133087,16855,0,0,0,7519,6121,1398,10310,8928,1382,9337,8237,1100,15224,13534,1690,20467,18180,2287,29477,26399,3078,40414,36387,4027,17194,15301,1893
B0128,24,000,Total,GUJARAT,Water transport,40329,38969,1360,0,0,0,3069,2764,305,3269,3001,268,4787,4615,172,5896,5769,127,3192,3129,63,3852,3779,73,10901,10741,160,5363,5171,192
B0128,24,000,Total,GUJARAT,Any other,79275,71292,7983,0,0,0,10742,9618,1124,21660,19185,2475,15375,13967,1408,9744,8554,1190,4249,3817,432,4047,3734,313,6143,5838,305,7315,6579,736
B0128,24,000,Total,GUJARAT,No travel,3253577,2091264,1162313,3253577,2091264,1162313,0,0,0,0,0,0,0,0,0,0,0,0,0,0,0,0,0,0,0,0,0,0,0,0
B0128,24,000,Rural,GUJARAT,All Modes,3669436,2575525,1093911,1646439,903750,742689,503631,341874,161757,494814,416552,78262,399607,343816,55791,274031,251386,22645,130609,119820,10789,94223,85968,8255,87591,78293,9298,38491,34066,4425
B0128,24,000,Rural,GUJARAT,On foot,682697,452677,230020,0,0,0,413540,261412,152128,173953,125629,48324,95204,65636,29568,0,0,0,0,0,0,0,0,0,0,0,0,0,0,0
B0128,24,000,Rural,GUJARAT,Bicycle,185702,177398,8304,0,0,0,21238,19638,1600,92614,88683,3931,43613,42325,1288,14994,14492,502,13243,12260,983,0,0,0,0,0,0,0,0,0
B0128,24,000,Rural,GUJARAT,Moped/Scooter/Motor Cycle,419998,391600,28398,0,0,0,37246,34371,2875,114648,105263,9385,102125,95610,6515,89909,85049,4860,35675,33722,1953,20854,19547,1307,8518,7860,658,11023,10178,845
B0128,24,000,Rural,GUJARAT,Car/Jeep/Van,90735,80644,10091,0,0,0,5604,4559,1045,14987,12993,1994,18496,16448,2048,22136,20193,1943,11242,10436,806,9349,8482,867,5889,4997,892,3032,2536,496
B0128,24,000,Rural,GUJARAT,Tempo/Autorickshaw/Taxi,249595,223011,26584,0,0,0,10378,9234,1144,59871,50949,8922,77060,68610,8450,60788,55660,5128,19412,18173,1239,10223,9585,638,5255,4878,377,6608,5922,686
B0128,24,000,Rural,GUJARAT,Bus,291383,253487,37896,0,0,0,7648,5977,1671,28796,24462,4334,51607,44688,6919,71437,62700,8737,39875,35086,4789,38089,33885,4204,44099,38546,5553,9832,8143,1689
B0128,24,000,Rural,GUJARAT,Train,47745,42133,5612,0,0,0,2207,1577,630,2097,1744,353,2789,2437,352,5898,5288,610,6500,5811,689,10666,9682,984,14202,12688,1514,3386,2906,480
B0128,24,000,Rural,GUJARAT,Water transport,23231,22386,845,0,0,0,1851,1641,210,1321,1143,178,2400,2292,108,2996,2929,67,2080,2040,40,2863,2817,46,6423,6332,91,3297,3192,105
B0128,24,000,Rural,GUJARAT,Any other,31911,28439,3472,0,0,0,3919,3465,454,6527,5686,841,6313,5770,543,5873,5075,798,2582,2292,290,2179,1970,209,3205,2992,213,1313,1189,124
B0128,24,000,Rural,GUJARAT,No travel,1646439,903750,742689,1646439,903750,742689,0,0,0,0,0,0,0,0,0,0,0,0,0,0,0,0,0,0,0,0,0,0,0,0
B0128,24,000,Urban,GUJARAT,All Modes,8467397,7320788,1146609,1607138,1187514,419624,1459037,1255277,203760,2942934,2654563,288371,1294800,1165617,129183,451460,408872,42588,252740,232923,19817,122245,110356,11889,97960,88953,9007,239083,216713,22370
B0128,24,000,Urban,GUJARAT,On foot,1809639,1488549,321090,0,0,0,905783,739395,166388,665206,551436,113770,238650,197718,40932,0,0,0,0,0,0,0,0,0,0,0,0,0,0,0
B0128,24,000,Urban,GUJARAT,Bicycle,1242528,1204567,37961,0,0,0,159494,154229,5265,743232,721345,21887,199988,194538,5450,40999,39646,1353,98815,94809,4006,0,0,0,0,0,0,0,0,0
B0128,24,000,Urban,GUJARAT,Moped/Scooter/Motor Cycle,2320587,2158344,162243,0,0,0,299683,280134,19549,1066647,990773,75874,521876,485250,36626,210030,195155,14875,51408,48265,3143,28561,26950,1611,12845,11992,853,129537,119825,9712
B0128,24,000,Urban,GUJARAT,Car/Jeep/Van,263152,238437,24715,0,0,0,22146,19746,2400,81088,72960,8128,58496,53297,5199,41586,37944,3642,18618,16855,1763,14096,12892,1204,9138,8494,644,17984,16249,1735
B0128,24,000,Urban,GUJARAT,Tempo/Autorickshaw/Taxi,649948,559113,90835,0,0,0,45766,39978,5788,290722,241822,48900,168162,145895,22267,60311,53117,7194,18466,17190,1276,15080,14309,771,9265,8793,472,42176,38009,4167
B0128,24,000,Urban,GUJARAT,Bus,407746,333874,73872,0,0,0,12812,9975,2837,70745,53686,17059,89631,72599,17032,82437,68445,13992,48687,40821,7866,42840,36762,6078,33084,28720,4364,27510,22866,4644
B0128,24,000,Urban,GUJARAT,Train,102197,90954,11243,0,0,0,5312,4544,768,8213,7184,1029,6548,5800,748,9326,8246,1080,13967,12369,1598,18811,16717,2094,26212,23699,2513,13808,12395,1413
B0128,24,000,Urban,GUJARAT,Water transport,17098,16583,515,0,0,0,1218,1123,95,1948,1858,90,2387,2323,64,2900,2840,60,1112,1089,23,989,962,27,4478,4409,69,2066,1979,87
B0128,24,000,Urban,GUJARAT,Any other,47364,42853,4511,0,0,0,6823,6153,670,15133,13499,1634,9062,8197,865,3871,3479,392,1667,1525,142,1868,1764,104,2938,2846,92,6002,5390,612
B0128,24,000,Urban,GUJARAT,No travel,1607138,1187514,419624,1607138,1187514,419624,0,0,0,0,0,0,0,0,0,0,0,0,0,0,0,0,0,0,0,0,0,0,0,0
B0128,25,000,Total,DAMAN & DIU,All Modes,117499,105248,12251,9265,7268,1997,53612,48850,4762,36991,33368,3623,11006,9559,1447,1912,1703,209,545,501,44,278,262,16,3538,3409,129,352,328,24
B0128,25,000,Total,DAMAN & DIU,On foot,67645,61061,6584,0,0,0,47629,43273,4356,17373,15424,1949,2643,2364,279,0,0,0,0,0,0,0,0,0,0,0,0,0,0,0
B0128,25,000,Total,DAMAN & DIU,Bicycle,10687,10522,165,0,0,0,2144,2099,45,7142,7049,93,1028,1010,18,117,113,4,256,251,5,0,0,0,0,0,0,0,0,0
B0128,25,000,Total,DAMAN & DIU,Moped/Scooter/Motor Cycle,15376,14127,1249,0,0,0,2812,2545,267,7577,6918,659,3620,3396,224,858,813,45,86,76,10,68,66,2,241,208,33,114,105,9
B0128,25,000,Total,DAMAN & DIU,Car/Jeep/Van,1887,1659,228,0,0,0,309,290,19,742,647,95,527,444,83,194,173,21,20,19,1,30,29,1,38,32,6,27,25,2
B0128,25,000,Total,DAMAN & DIU,Tempo/Autorickshaw/Taxi,3803,3021,782,0,0,0,313,284,29,1839,1398,441,1145,907,238,310,264,46,52,43,9,38,32,6,59,51,8,47,42,5
B0128,25,000,Total,DAMAN & DIU,Bus,6854,5698,1156,0,0,0,157,123,34,1968,1609,359,1885,1299,586,343,255,88,81,63,18,48,43,5,2313,2251,62,59,55,4
B0128,25,000,Total,DAMAN & DIU,Train,646,610,36,0,0,0,107,100,7,44,41,3,28,26,2,12,11,1,20,19,1,25,23,2,388,370,18,22,20,2
B0128,25,000,Total,DAMAN & DIU,Water transport,1174,1163,11,0,0,0,121,121,0,236,234,2,84,81,3,70,66,4,30,30,0,69,69,0,494,492,2,70,70,0
B0128,25,000,Total,DAMAN & DIU,Any other,162,119,43,0,0,0,20,15,5,70,48,22,46,32,14,8,8,0,0,0,0,0,0,0,5,5,0,13,11,2
B0128,25,000,Total,DAMAN & DIU,No travel,9265,7268,1997,9265,7268,1997,0,0,0,0,0,0,0,0,0,0,0,0,0,0,0,0,0,0,0,0,0,0,0,0
B0128,25,000,Rural,DAMAN & DIU,All Modes,20766,17619,3147,2070,1629,441,6672,5774,898,6937,5991,946,3361,2635,726,543,479,64,111,89,22,65,60,5,954,913,41,53,49,4
B0128,25,000,Rural,DAMAN & DIU,On foot,8489,7102,1387,0,0,0,5913,5067,846,1946,1486,460,630,549,81,0,0,0,0,0,0,0,0,0,0,0,0,0,0,0
B0128,25,000,Rural,DAMAN & DIU,Bicycle,1844,1815,29,0,0,0,207,199,8,1232,1218,14,344,338,6,30,29,1,31,31,0,0,0,0,0,0,0,0,0,0
B0128,25,000,Rural,DAMAN & DIU,Moped/Scooter/Motor Cycle,3960,3759,201,0,0,0,361,335,26,2051,1950,101,1161,1102,59,268,264,4,18,16,2,12,12,0,61,55,6,28,25,3
B0128,25,000,Rural,DAMAN & DIU,Car/Jeep/Van,302,216,86,0,0,0,25,24,1,132,97,35,105,60,45,21,18,3,2,2,0,5,5,0,9,7,2,3,3,0
B0128,25,000,Rural,DAMAN & DIU,Tempo/Autorickshaw/Taxi,1289,900,389,0,0,0,65,61,4,665,463,202,406,257,149,100,81,19,19,11,8,7,4,3,19,15,4,8,8,0
B0128,25,000,Rural,DAMAN & DIU,Bus,1995,1400,595,0,0,0,23,11,12,744,616,128,691,310,381,109,73,36,16,5,11,7,5,2,399,375,24,6,5,1
B0128,25,000,Rural,DAMAN & DIU,Train,197,191,6,0,0,0,10,9,1,7,6,1,1,1,0,1,1,0,8,7,1,6,6,0,163,160,3,1,1,0
B0128,25,000,Rural,DAMAN & DIU,Water transport,605,598,7,0,0,0,65,65,0,155,153,2,18,16,2,13,12,1,17,17,0,28,28,0,302,300,2,7,7,0
B0128,25,000,Rural,DAMAN & DIU,Any other,15,9,6,0,0,0,3,3,0,5,2,3,5,2,3,1,1,0,0,0,0,0,0,0,1,1,0,0,0,0
B0128,25,000,Rural,DAMAN & DIU,No travel,2070,1629,441,2070,1629,441,0,0,0,0,0,0,0,0,0,0,0,0,0,0,0,0,0,0,0,0,0,0,0,0
B0128,25,000,Urban,DAMAN & DIU,All Modes,96733,87629,9104,7195,5639,1556,46940,43076,3864,30054,27377,2677,7645,6924,721,1369,1224,145,434,412,22,213,202,11,2584,2496,88,299,279,20
B0128,25,000,Urban,DAMAN & DIU,On foot,59156,53959,5197,0,0,0,41716,38206,3510,15427,13938,1489,2013,1815,198,0,0,0,0,0,0,0,0,0,0,0,0,0,0,0
B0128,25,000,Urban,DAMAN & DIU,Bicycle,8843,8707,136,0,0,0,1937,1900,37,5910,5831,79,684,672,12,87,84,3,225,220,5,0,0,0,0,0,0,0,0,0
B0128,25,000,Urban,DAMAN & DIU,Moped/Scooter/Motor Cycle,11416,10368,1048,0,0,0,2451,2210,241,5526,4968,558,2459,2294,165,590,549,41,68,60,8,56,54,2,180,153,27,86,80,6
B0128,25,000,Urban,DAMAN & DIU,Car/Jeep/Van,1585,1443,142,0,0,0,284,266,18,610,550,60,422,384,38,173,155,18,18,17,1,25,24,1,29,25,4,24,22,2
B0128,25,000,Urban,DAMAN & DIU,Tempo/Autorickshaw/Taxi,2514,2121,393,0,0,0,248,223,25,1174,935,239,739,650,89,210,183,27,33,32,1,31,28,3,40,36,4,39,34,5
B0128,25,000,Urban,DAMAN & DIU,Bus,4859,4298,561,0,0,0,134,112,22,1224,993,231,1194,989,205,234,182,52,65,58,7,41,38,3,1914,1876,38,53,50,3
B0128,25,000,Urban,DAMAN & DIU,Train,449,419,30,0,0,0,97,91,6,37,35,2,27,25,2,11,10,1,12,12,0,19,17,2,225,210,15,21,19,2
B0128,25,000,Urban,DAMAN & DIU,Water transport,569,565,4,0,0,0,56,56,0,81,81,0,66,65,1,57,54,3,13,13,0,41,41,0,192,192,0,63,63,0
B0128,25,000,Urban,DAMAN & DIU,Any other,147,110,37,0,0,0,17,12,5,65,46,19,41,30,11,7,7,0,0,0,0,0,0,0,4,4,0,13,11,2
B0128,25,000,Urban,DAMAN & DIU,No travel,7195,5639,1556,7195,5639,1556,0,0,0,0,0,0,0,0,0,0,0,0,0,0,0,0,0,0,0,0,0,0,0,0
B0128,26,000,Total,DADRA & NAGAR HAVELI,All Modes,109003,94175,14828,17203,12280,4923,37734,33931,3803,28355,25059,3296,15810,14208,1602,5659,4983,676,1977,1747,230,1030,856,174,653,566,87,582,545,37
B0128,26,000,Total,DADRA & NAGAR HAVELI,On foot,42205,36927,5278,0,0,0,31403,28154,3249,8426,6752,1674,2376,2021,355,0,0,0,0,0,0,0,0,0,0,0,0,0,0,0
B0128,26,000,Total,DADRA & NAGAR HAVELI,Bicycle,10500,10285,215,0,0,0,1746,1710,36,6600,6460,140,1602,1580,22,285,276,9,267,259,8,0,0,0,0,0,0,0,0,0
B0128,26,000,Total,DADRA & NAGAR HAVELI,Moped/Scooter/Motor Cycle,16313,15054,1259,0,0,0,3005,2705,300,6570,6045,525,4148,3895,253,1648,1531,117,438,416,22,217,207,10,131,110,21,156,145,11
B0128,26,000,Total,DADRA & NAGAR HAVELI,Car/Jeep/Van,3129,2883,246,0,0,0,456,409,47,934,848,86,905,862,43,508,469,39,178,161,17,54,50,4,53,46,7,41,38,3
B0128,26,000,Total,DADRA & NAGAR HAVELI,Tempo/Autorickshaw/Taxi,8553,6823,1730,0,0,0,688,559,129,3665,2963,702,2962,2276,686,828,663,165,124,112,12,67,60,7,83,65,18,136,125,11
B0128,26,000,Total,DADRA & NAGAR HAVELI,Bus,10427,9305,1122,0,0,0,358,322,36,2086,1924,162,3743,3505,238,2321,1982,339,951,782,169,654,505,149,175,153,22,139,132,7
B0128,26,000,Total,DADRA & NAGAR HAVELI,Train,391,357,34,0,0,0,34,32,2,23,21,2,11,10,1,26,21,5,5,5,0,31,27,4,194,176,18,67,65,2
B0128,26,000,Total,DADRA & NAGAR HAVELI,Water transport,55,50,5,0,0,0,8,7,1,5,4,1,4,3,1,3,3,0,3,2,1,1,1,0,9,9,0,22,21,1
B0128,26,000,Total,DADRA & NAGAR HAVELI,Any other,227,211,16,0,0,0,36,33,3,46,42,4,59,56,3,40,38,2,11,10,1,6,6,0,8,7,1,21,19,2
B0128,26,000,Total,DADRA & NAGAR HAVELI,No travel,17203,12280,4923,17203,12280,4923,0,0,0,0,0,0,0,0,0,0,0,0,0,0,0,0,0,0,0,0,0,0,0,0
B0128,26,000,Rural,DADRA & NAGAR HAVELI,All Modes,40058,33346,6712,7557,5482,2075,14478,13037,1441,9091,7545,1546,4919,4022,897,1943,1551,392,1036,864,172,713,563,150,187,160,27,134,122,12
B0128,26,000,Rural,DADRA & NAGAR HAVELI,On foot,18014,15455,2559,0,0,0,13094,11747,1347,3729,2739,990,1191,969,222,0,0,0,0,0,0,0,0,0,0,0,0,0,0,0
B0128,26,000,Rural,DADRA & NAGAR HAVELI,Bicycle,3922,3826,96,0,0,0,557,545,12,2311,2247,64,796,783,13,147,141,6,111,110,1,0,0,0,0,0,0,0,0,0
B0128,26,000,Rural,DADRA & NAGAR HAVELI,Moped/Scooter/Motor Cycle,4064,3814,250,0,0,0,490,469,21,1558,1451,107,1101,1039,62,559,522,37,194,183,11,100,96,4,30,27,3,32,27,5
B0128,26,000,Rural,DADRA & NAGAR HAVELI,Car/Jeep/Van,294,258,36,0,0,0,34,31,3,109,103,6,64,61,3,52,39,13,30,19,11,4,4,0,1,1,0,0,0,0
B0128,26,000,Rural,DADRA & NAGAR HAVELI,Tempo/Autorickshaw/Taxi,2914,1963,951,0,0,0,170,135,35,1052,753,299,1264,778,486,329,216,113,39,35,4,18,13,5,18,12,6,24,21,3
B0128,26,000,Rural,DADRA & NAGAR HAVELI,Bus,3080,2354,726,0,0,0,104,83,21,310,233,77,476,369,107,821,605,216,650,506,144,586,445,141,109,92,17,24,21,3
B0128,26,000,Rural,DADRA & NAGAR HAVELI,Train,119,110,9,0,0,0,14,14,0,7,6,1,4,3,1,15,10,5,2,2,0,2,2,0,26,25,1,49,48,1
B0128,26,000,Rural,DADRA & NAGAR HAVELI,Water transport,14,12,2,0,0,0,2,1,1,4,3,1,0,0,0,2,2,0,2,2,0,1,1,0,2,2,0,1,1,0
B0128,26,000,Rural,DADRA & NAGAR HAVELI,Any other,80,72,8,0,0,0,13,12,1,11,10,1,23,20,3,18,16,2,8,7,1,2,2,0,1,1,0,4,4,0
B0128,26,000,Rural,DADRA & NAGAR HAVELI,No travel,7557,5482,2075,7557,5482,2075,0,0,0,0,0,0,0,0,0,0,0,0,0,0,0,0,0,0,0,0,0,0,0,0
B0128,26,000,Urban,DADRA & NAGAR HAVELI,All Modes,68945,60829,8116,9646,6798,2848,23256,20894,2362,19264,17514,1750,10891,10186,705,3716,3432,284,941,883,58,317,293,24,466,406,60,448,423,25
B0128,26,000,Urban,DADRA & NAGAR HAVELI,On foot,24191,21472,2719,0,0,0,18309,16407,1902,4697,4013,684,1185,1052,133,0,0,0,0,0,0,0,0,0,0,0,0,0,0,0
B0128,26,000,Urban,DADRA & NAGAR HAVELI,Bicycle,6578,6459,119,0,0,0,1189,1165,24,4289,4213,76,806,797,9,138,135,3,156,149,7,0,0,0,0,0,0,0,0,0
B0128,26,000,Urban,DADRA & NAGAR HAVELI,Moped/Scooter/Motor Cycle,12249,11240,1009,0,0,0,2515,2236,279,5012,4594,418,3047,2856,191,1089,1009,80,244,233,11,117,111,6,101,83,18,124,118,6
B0128,26,000,Urban,DADRA & NAGAR HAVELI,Car/Jeep/Van,2835,2625,210,0,0,0,422,378,44,825,745,80,841,801,40,456,430,26,148,142,6,50,46,4,52,45,7,41,38,3
B0128,26,000,Urban,DADRA & NAGAR HAVELI,Tempo/Autorickshaw/Taxi,5639,4860,779,0,0,0,518,424,94,2613,2210,403,1698,1498,200,499,447,52,85,77,8,49,47,2,65,53,12,112,104,8
B0128,26,000,Urban,DADRA & NAGAR HAVELI,Bus,7347,6951,396,0,0,0,254,239,15,1776,1691,85,3267,3136,131,1500,1377,123,301,276,25,68,60,8,66,61,5,115,111,4
B0128,26,000,Urban,DADRA & NAGAR HAVELI,Train,272,247,25,0,0,0,20,18,2,16,15,1,7,7,0,11,11,0,3,3,0,29,25,4,168,151,17,18,17,1
B0128,26,000,Urban,DADRA & NAGAR HAVELI,Water transport,41,38,3,0,0,0,6,6,0,1,1,0,4,3,1,1,1,0,1,0,1,0,0,0,7,7,0,21,20,1
B0128,26,000,Urban,DADRA & NAGAR HAVELI,Any other,147,139,8,0,0,0,23,21,2,35,32,3,36,36,0,22,22,0,3,3,0,4,4,0,7,6,1,17,15,2
B0128,26,000,Urban,DADRA & NAGAR HAVELI,No travel,9646,6798,2848,9646,6798,2848,0,0,0,0,0,0,0,0,0,0,0,0,0,0,0,0,0,0,0,0,0,0,0,0
B0128,27,000,Total,MAHARASHTRA,All Modes,22146939,17559269,4587670,5299459,3692272,1607187,3559013,2795369,763644,5131445,4210490,920955,3251903,2686348,565555,1860446,1570306,290140,1062520,909686,152834,908617,774074,134543,569577,497433,72144,503959,423291,80668
B0128,27,000,Total,MAHARASHTRA,On foot,5085701,3803054,1282647,0,0,0,2580396,1939892,640504,1623082,1192625,430457,882223,670537,211686,0,0,0,0,0,0,0,0,0,0,0,0,0,0,0
B0128,27,000,Total,MAHARASHTRA,Bicycle,1804128,1709677,94451,0,0,0,232979,219940,13039,962854,913280,49574,358096,341905,16191,113451,107928,5523,136748,126624,10124,0,0,0,0,0,0,0,0,0
B0128,27,000,Total,MAHARASHTRA,Moped/Scooter/Motor Cycle,3373336,3025331,348005,0,0,0,426275,381857,44418,1262884,1117437,145447,731824,653063,78761,488804,446029,42775,173302,161940,11362,121979,113439,8540,44593,41354,3239,123675,110212,13463
B0128,27,000,Total,MAHARASHTRA,Car/Jeep/Van,666514,559363,107151,0,0,0,55144,45640,9504,163344,133907,29437,130091,107018,23073,129510,108448,21062,66205,56976,9229,53093,46991,6102,31834,28972,2862,37293,31411,5882
B0128,27,000,Total,MAHARASHTRA,Tempo/Autorickshaw/Taxi,924514,748655,175859,0,0,0,81234,64735,16499,326730,244834,81896,214712,174490,40222,125493,106951,18542,48501,43745,4756,44447,40106,4341,28271,26047,2224,55126,47747,7379
B0128,27,000,Total,MAHARASHTRA,Bus,2357256,1861626,495630,0,0,0,98110,74414,23696,567030,428375,138655,563367,439853,123514,461508,365461,96047,226314,184815,41499,186903,155863,31040,151481,131127,20354,102543,81718,20825
B0128,27,000,Total,MAHARASHTRA,Train,2440987,1990684,450303,0,0,0,67328,54060,13268,188464,149569,38895,340271,273208,67063,515109,412854,102255,397443,322898,74545,485554,402397,83157,289587,248043,41544,157231,127655,29576
B0128,27,000,Total,MAHARASHTRA,Water transport,53579,49483,4096,0,0,0,4145,3551,594,5917,5037,880,6608,6027,581,7037,6604,433,5453,5156,297,7127,6712,415,10574,10179,395,6718,6217,501
B0128,27,000,Total,MAHARASHTRA,Any other,141465,119124,22341,0,0,0,13402,11280,2122,31140,25426,5714,24711,20247,4464,19534,16031,3503,8554,7532,1022,9514,8566,948,13237,11711,1526,21373,18331,3042
B0128,27,000,Total,MAHARASHTRA,No travel,5299459,3692272,1607187,5299459,3692272,1607187,0,0,0,0,0,0,0,0,0,0,0,0,0,0,0,0,0,0,0,0,0,0,0,0
B0128,27,000,Rural,MAHARASHTRA,All Modes,5133626,3943156,1190470,1961098,1300217,660881,664769,501136,163633,847417,695461,151956,648716,540168,108548,407880,364806,43074,218455,196918,21537,167785,150722,17063,145949,130555,15394,71557,63173,8384
B0128,27,000,Rural,MAHARASHTRA,On foot,995398,696491,298907,0,0,0,502238,355605,146633,301859,208154,93705,191301,132732,58569,0,0,0,0,0,0,0,0,0,0,0,0,0,0,0
B0128,27,000,Rural,MAHARASHTRA,Bicycle,395557,375909,19648,0,0,0,43361,40692,2669,179903,170906,8997,97954,94092,3862,41870,40144,1726,32469,30075,2394,0,0,0,0,0,0,0,0,0
B0128,27,000,Rural,MAHARASHTRA,Moped/Scooter/Motor Cycle,756292,703372,52920,0,0,0,74432,68378,6054,205603,188531,17072,162510,151165,11345,158320,148860,9460,68485,64935,3550,45524,43182,2342,16613,15618,995,24805,22703,2102
B0128,27,000,Rural,MAHARASHTRA,Car/Jeep/Van,86098,76296,9802,0,0,0,6505,5681,824,15042,12874,2168,14475,12601,1874,16976,15123,1853,10535,9421,1114,9956,9108,848,7694,7066,628,4915,4422,493
B0128,27,000,Rural,MAHARASHTRA,Tempo/Autorickshaw/Taxi,229405,195123,34282,0,0,0,13113,11074,2039,62671,51008,11663,64009,53873,10136,45123,39117,6006,15536,13969,1567,11610,10599,1011,8573,7692,881,8770,7791,979
B0128,27,000,Rural,MAHARASHTRA,Bus,509838,424801,85037,0,0,0,15082,11665,3417,63217,49050,14167,97206,78206,19000,117808,98241,19567,67844,58034,9810,64288,55801,8487,65907,58207,7700,18486,15597,2889
B0128,27,000,Rural,MAHARASHTRA,Train,117795,101330,16465,0,0,0,4083,3281,802,5632,4636,996,7289,6153,1136,14053,11782,2271,16079,13577,2502,26877,23188,3689,35975,31887,4088,7807,6826,981
B0128,27,000,Rural,MAHARASHTRA,Water transport,29748,28079,1669,0,0,0,2175,1883,292,3027,2666,361,3988,3756,232,4228,4091,137,3776,3615,161,5216,4982,234,5152,5026,126,2186,2060,126
B0128,27,000,Rural,MAHARASHTRA,Any other,52397,41538,10859,0,0,0,3780,2877,903,10463,7636,2827,9984,7590,2394,9502,7448,2054,3731,3292,439,4314,3862,452,6035,5059,976,4588,3774,814
B0128,27,000,Rural,MAHARASHTRA,No travel,1961098,1300217,660881,1961098,1300217,660881,0,0,0,0,0,0,0,0,0,0,0,0,0,0,0,0,0,0,0,0,0,0,0,0
B0128,27,000,Urban,MAHARASHTRA,All Modes,17013313,13616113,3397200,3338361,2392055,946306,2894244,2294233,600011,4284028,3515029,768999,2603187,2146180,457007,1452566,1205500,247066,844065,712768,131297,740832,623352,117480,423628,366878,56750,432402,360118,72284
B0128,27,000,Urban,MAHARASHTRA,On foot,4090303,3106563,983740,0,0,0,2078158,1584287,493871,1321223,984471,336752,690922,537805,153117,0,0,0,0,0,0,0,0,0,0,0,0,0,0,0
B0128,27,000,Urban,MAHARASHTRA,Bicycle,1408571,1333768,74803,0,0,0,189618,179248,10370,782951,742374,40577,260142,247813,12329,71581,67784,3797,104279,96549,7730,0,0,0,0,0,0,0,0,0
B0128,27,000,Urban,MAHARASHTRA,Moped/Scooter/Motor Cycle,2617044,2321959,295085,0,0,0,351843,313479,38364,1057281,928906,128375,569314,501898,67416,330484,297169,33315,104817,97005,7812,76455,70257,6198,27980,25736,2244,98870,87509,11361
B0128,27,000,Urban,MAHARASHTRA,Car/Jeep/Van,580416,483067,97349,0,0,0,48639,39959,8680,148302,121033,27269,115616,94417,21199,112534,93325,19209,55670,47555,8115,43137,37883,5254,24140,21906,2234,32378,26989,5389
B0128,27,000,Urban,MAHARASHTRA,Tempo/Autorickshaw/Taxi,695109,553532,141577,0,0,0,68121,53661,14460,264059,193826,70233,150703,120617,30086,80370,67834,12536,32965,29776,3189,32837,29507,3330,19698,18355,1343,46356,39956,6400
B0128,27,000,Urban,MAHARASHTRA,Bus,1847418,1436825,410593,0,0,0,83028,62749,20279,503813,379325,124488,466161,361647,104514,343700,267220,76480,158470,126781,31689,122615,100062,22553,85574,72920,12654,84057,66121,17936
B0128,27,000,Urban,MAHARASHTRA,Train,2323192,1889354,433838,0,0,0,63245,50779,12466,182832,144933,37899,332982,267055,65927,501056,401072,99984,381364,309321,72043,458677,379209,79468,253612,216156,37456,149424,120829,28595
B0128,27,000,Urban,MAHARASHTRA,Water transport,23831,21404,2427,0,0,0,1970,1668,302,2890,2371,519,2620,2271,349,2809,2513,296,1677,1541,136,1911,1730,181,5422,5153,269,4532,4157,375
B0128,27,000,Urban,MAHARASHTRA,Any other,89068,77586,11482,0,0,0,9622,8403,1219,20677,17790,2887,14727,12657,2070,10032,8583,1449,4823,4240,583,5200,4704,496,7202,6652,550,16785,14557,2228
B0128,27,000,Urban,MAHARASHTRA,No travel,3338361,2392055,946306,3338361,2392055,946306,0,0,0,0,0,0,0,0,0,0,0,0,0,0,0,0,0,0,0,0,0,0,0,0
B0128,28,000,Total,ANDHRA PRADESH,All Modes,14524493,11055177,3469316,5037857,3362800,1675057,2023584,1476486,547098,2990767,2432469,558298,1843937,1497266,346671,923128,796807,126321,539327,476125,63202,324372,280899,43473,348193,306814,41379,493328,425511,67817
B0128,28,000,Total,ANDHRA PRADESH,On foot,2902420,1915833,986587,0,0,0,1399759,912009,487750,929518,611619,317899,573143,392205,180938,0,0,0,0,0,0,0,0,0,0,0,0,0,0,0
B0128,28,000,Total,ANDHRA PRADESH,Bicycle,1542145,1478516,63629,0,0,0,246951,237056,9895,790993,760809,30184,248789,239848,8941,81322,77705,3617,174090,163098,10992,0,0,0,0,0,0,0,0,0
B0128,28,000,Total,ANDHRA PRADESH,Moped/Scooter/Motor Cycle,1874364,1761614,112750,0,0,0,239716,225024,14692,655107,613697,41410,364013,342841,21172,253219,239386,13833,81691,77675,4016,59850,56835,3015,25326,24076,1250,195442,182080,13362
B0128,28,000,Total,ANDHRA PRADESH,Car/Jeep/Van,270293,229260,41033,0,0,0,20173,16530,3643,55932,45641,10291,48135,40502,7633,46685,39452,7233,22155,19004,3151,21040,18746,2294,19554,18221,1333,36619,31164,5455
B0128,28,000,Total,ANDHRA PRADESH,Tempo/Autorickshaw/Taxi,793002,607051,185951,0,0,0,43222,30382,12840,262529,178930,83599,214307,168566,45741,126952,105667,21285,40004,34762,5242,30046,26054,3992,17222,15471,1751,58720,47219,11501
B0128,28,000,Total,ANDHRA PRADESH,Bus,1730141,1367256,362885,0,0,0,51689,36882,14807,242362,174744,67618,348235,271249,76986,376709,300340,76369,196128,158750,37378,175591,144752,30839,181630,154832,26798,157797,125707,32090
B0128,28,000,Total,ANDHRA PRADESH,Train,197045,170955,26090,0,0,0,9262,7486,1776,17991,15330,2661,13377,11418,1959,15494,13184,2310,12283,10586,1697,21648,18947,2701,80219,70778,9441,26771,23226,3545
B0128,28,000,Total,ANDHRA PRADESH,Water transport,78099,73968,4131,0,0,0,4106,3716,390,12297,11559,738,17516,16291,1225,12749,12133,616,7930,7674,256,9149,8884,265,9355,9092,263,4997,4619,378
B0128,28,000,Total,ANDHRA PRADESH,Any other,99127,87924,11203,0,0,0,8706,7401,1305,24038,20140,3898,16422,14346,2076,9998,8940,1058,5046,4576,470,7048,6681,367,14887,14344,543,12982,11496,1486
B0128,28,000,Total,ANDHRA PRADESH,No travel,5037857,3362800,1675057,5037857,3362800,1675057,0,0,0,0,0,0,0,0,0,0,0,0,0,0,0,0,0,0,0,0,0,0,0,0
B0128,28,000,Rural,ANDHRA PRADESH,All Modes,5768246,4282122,1486124,2491443,1661896,829547,720667,497067,223600,866226,678772,187454,660391,536141,124250,386739,339654,47085,214579,191413,23166,156921,138952,17969,186538,165192,21346,84742,73035,11707
B0128,28,000,Rural,ANDHRA PRADESH,On foot,1077490,675925,401565,0,0,0,551110,342593,208517,330125,204243,125882,196255,129089,67166,0,0,0,0,0,0,0,0,0,0,0,0,0,0,0
B0128,28,000,Rural,ANDHRA PRADESH,Bicycle,503074,485362,17712,0,0,0,80368,77347,3021,237762,229486,8276,104839,101912,2927,37161,36090,1071,42944,40527,2417,0,0,0,0,0,0,0,0,0
B0128,28,000,Rural,ANDHRA PRADESH,Moped/Scooter/Motor Cycle,385773,366961,18812,0,0,0,45593,43047,2546,107123,101091,6032,86989,82881,4108,70219,67369,2850,28413,27377,1036,20334,19532,802,8977,8592,385,18125,17072,1053
B0128,28,000,Rural,ANDHRA PRADESH,Car/Jeep/Van,55116,47714,7402,0,0,0,3630,2951,679,8502,6563,1939,8879,7427,1452,9161,8051,1110,5337,4880,457,7428,6746,682,8490,7877,613,3689,3219,470
B0128,28,000,Rural,ANDHRA PRADESH,Tempo/Autorickshaw/Taxi,354974,286571,68403,0,0,0,13921,10657,3264,91844,66827,25017,107917,87379,20538,78001,66550,11451,24393,21510,2883,15435,13815,1620,8746,7929,817,14717,11904,2813
B0128,28,000,Rural,ANDHRA PRADESH,Bus,711944,586504,125440,0,0,0,16454,12217,4237,66062,48582,17480,128346,102773,25573,169671,140733,28938,98305,82965,15340,92641,79223,13418,107163,92539,14624,33302,27472,5830
B0128,28,000,Rural,ANDHRA PRADESH,Train,78608,68968,9640,0,0,0,3207,2565,642,5037,4354,683,4370,3825,545,5813,5093,720,5031,4436,595,8784,7731,1053,38060,33660,4400,8306,7304,1002
B0128,28,000,Rural,ANDHRA PRADESH,Water transport,65545,62716,2829,0,0,0,3298,3072,226,10803,10274,529,14964,14069,895,11284,10821,463,7261,7057,204,8207,8001,206,6969,6796,173,2759,2626,133
B0128,28,000,Rural,ANDHRA PRADESH,Any other,44279,39505,4774,0,0,0,3086,2618,468,8968,7352,1616,7832,6786,1046,5429,4947,482,2895,2661,234,4092,3904,188,8133,7799,334,3844,3438,406
B0128,28,000,Rural,ANDHRA PRADESH,No travel,2491443,1661896,829547,2491443,1661896,829547,0,0,0,0,0,0,0,0,0,0,0,0,0,0,0,0,0,0,0,0,0,0,0,0
B0128,28,000,Urban,ANDHRA PRADESH,All Modes,8756247,6773055,1983192,2546414,1700904,845510,1302917,979419,323498,2124541,1753697,370844,1183546,961125,222421,536389,457153,79236,324748,284712,40036,167451,141947,25504,161655,141622,20033,408586,352476,56110
B0128,28,000,Urban,ANDHRA PRADESH,On foot,1824930,1239908,585022,0,0,0,848649,569416,279233,599393,407376,192017,376888,263116,113772,0,0,0,0,0,0,0,0,0,0,0,0,0,0,0
B0128,28,000,Urban,ANDHRA PRADESH,Bicycle,1039071,993154,45917,0,0,0,166583,159709,6874,553231,531323,21908,143950,137936,6014,44161,41615,2546,131146,122571,8575,0,0,0,0,0,0,0,0,0
B0128,28,000,Urban,ANDHRA PRADESH,Moped/Scooter/Motor Cycle,1488591,1394653,93938,0,0,0,194123,181977,12146,547984,512606,35378,277024,259960,17064,183000,172017,10983,53278,50298,2980,39516,37303,2213,16349,15484,865,177317,165008,12309
B0128,28,000,Urban,ANDHRA PRADESH,Car/Jeep/Van,215177,181546,33631,0,0,0,16543,13579,2964,47430,39078,8352,39256,33075,6181,37524,31401,6123,16818,14124,2694,13612,12000,1612,11064,10344,720,32930,27945,4985
B0128,28,000,Urban,ANDHRA PRADESH,Tempo/Autorickshaw/Taxi,438028,320480,117548,0,0,0,29301,19725,9576,170685,112103,58582,106390,81187,25203,48951,39117,9834,15611,13252,2359,14611,12239,2372,8476,7542,934,44003,35315,8688
B0128,28,000,Urban,ANDHRA PRADESH,Bus,1018197,780752,237445,0,0,0,35235,24665,10570,176300,126162,50138,219889,168476,51413,207038,159607,47431,97823,75785,22038,82950,65529,17421,74467,62293,12174,124495,98235,26260
B0128,28,000,Urban,ANDHRA PRADESH,Train,118437,101987,16450,0,0,0,6055,4921,1134,12954,10976,1978,9007,7593,1414,9681,8091,1590,7252,6150,1102,12864,11216,1648,42159,37118,5041,18465,15922,2543
B0128,28,000,Urban,ANDHRA PRADESH,Water transport,12554,11252,1302,0,0,0,808,644,164,1494,1285,209,2552,2222,330,1465,1312,153,669,617,52,942,883,59,2386,2296,90,2238,1993,245
B0128,28,000,Urban,ANDHRA PRADESH,Any other,54848,48419,6429,0,0,0,5620,4783,837,15070,12788,2282,8590,7560,1030,4569,3993,576,2151,1915,236,2956,2777,179,6754,6545,209,9138,8058,1080
B0128,28,000,Urban,ANDHRA PRADESH,No travel,2546414,1700904,845510,2546414,1700904,845510,0,0,0,0,0,0,0,0,0,0,0,0,0,0,0,0,0,0,0,0,0,0,0,0
B0128,29,000,Total,KARNATAKA,All Modes,13222758,9794146,3428612,3865970,2518738,1347232,2080088,1461582,618506,2835872,2153578,682294,2036041,1609562,426479,1093090,914562,178528,497796,428421,69375,351308,304056,47252,337201,296020,41181,125392,107627,17765
B0128,29,000,Total,KARNATAKA,On foot,3145484,2068687,1076797,0,0,0,1550028,1008955,541073,1054869,684502,370367,540587,375230,165357,0,0,0,0,0,0,0,0,0,0,0,0,0,0,0
B0128,29,000,Total,KARNATAKA,Bicycle,748108,702745,45363,0,0,0,99227,92276,6951,360665,341230,19435,160661,151837,8824,64734,60152,4582,62821,57250,5571,0,0,0,0,0,0,0,0,0
B0128,29,000,Total,KARNATAKA,Moped/Scooter/Motor Cycle,1701363,1561606,139757,0,0,0,224185,206012,18173,618608,560571,58037,402054,368663,33391,258237,240114,18123,78503,74350,4153,53476,50394,3082,22555,21275,1280,43745,40227,3518
B0128,29,000,Total,KARNATAKA,Car/Jeep/Van,534964,431023,103941,0,0,0,42278,33540,8738,123604,94791,28813,122953,96843,26110,120014,96892,23122,52702,43891,8811,35562,31075,4487,23895,22058,1837,13956,11933,2023
B0128,29,000,Total,KARNATAKA,Tempo/Autorickshaw/Taxi,443851,359567,84284,0,0,0,33662,26842,6820,133414,96797,36617,109539,88127,21412,69538,59191,10347,33841,30067,3774,27364,25068,2296,19443,18367,1076,17050,15108,1942
B0128,29,000,Total,KARNATAKA,Bus,2543914,1944711,599203,0,0,0,109434,76665,32769,504606,341942,162664,669151,502450,166701,554184,435443,118741,253542,208226,45316,211237,176123,35114,203944,174454,29490,37816,29408,8408
B0128,29,000,Total,KARNATAKA,Train,141417,120411,21006,0,0,0,11030,8488,2542,19825,16488,3337,14023,11810,2213,12421,10564,1857,8598,7435,1163,15063,13204,1859,55074,48046,7028,5383,4376,1007
B0128,29,000,Total,KARNATAKA,Water transport,28435,26069,2366,0,0,0,3168,2746,422,5629,4954,675,4773,4255,518,4310,4013,297,3014,2893,121,3102,3012,90,3541,3443,98,898,753,145
B0128,29,000,Total,KARNATAKA,Any other,69252,60589,8663,0,0,0,7076,6058,1018,14652,12303,2349,12300,10347,1953,9652,8193,1459,4775,4309,466,5504,5180,324,8749,8377,372,6544,5822,722
B0128,29,000,Total,KARNATAKA,No travel,3865970,2518738,1347232,3865970,2518738,1347232,0,0,0,0,0,0,0,0,0,0,0,0,0,0,0,0,0,0,0,0,0,0,0,0
B0128,29,000,Rural,KARNATAKA,All Modes,4901487,3468147,1433340,1911555,1190444,721111,674265,431506,242759,785437,562396,223041,630105,496003,134102,374066,323504,50562,195172,172275,22897,153343,135928,17415,157027,138714,18313,20517,17377,3140
B0128,29,000,Rural,KARNATAKA,On foot,1148969,708597,440372,0,0,0,564957,340893,224064,392407,239940,152467,191605,127764,63841,0,0,0,0,0,0,0,0,0,0,0,0,0,0,0
B0128,29,000,Rural,KARNATAKA,Bicycle,206232,196301,9931,0,0,0,21111,19376,1735,88276,84272,4004,54846,52971,1875,23926,23079,847,18073,16603,1470,0,0,0,0,0,0,0,0,0
B0128,29,000,Rural,KARNATAKA,Moped/Scooter/Motor Cycle,301898,286067,15831,0,0,0,28830,26870,1960,85881,79759,6122,76967,73196,3771,60915,58784,2131,23560,22846,714,14781,14297,484,6550,6280,270,4414,4035,379
B0128,29,000,Rural,KARNATAKA,Car/Jeep/Van,108004,82892,25112,0,0,0,8723,6390,2333,27496,18408,9088,25374,18426,6948,18801,15209,3592,9733,8338,1395,8700,7753,947,7415,6830,585,1762,1538,224
B0128,29,000,Rural,KARNATAKA,Tempo/Autorickshaw/Taxi,178994,147623,31371,0,0,0,10003,7970,2033,48305,36442,11863,53202,43248,9954,34034,29484,4550,13638,12379,1259,10142,9333,809,6893,6414,479,2777,2353,424
B0128,29,000,Rural,KARNATAKA,Bus,955090,775618,179472,0,0,0,34356,24966,9390,131514,93664,37850,216366,170231,46135,225285,186975,38310,121883,104371,17512,107026,92780,14246,110441,95990,14451,8219,6641,1578
B0128,29,000,Rural,KARNATAKA,Train,44567,38601,5966,0,0,0,2825,2056,769,4289,3634,655,3422,3024,398,3461,3071,390,3584,3204,380,7154,6373,781,18316,16046,2270,1516,1193,323
B0128,29,000,Rural,KARNATAKA,Water transport,16468,15845,623,0,0,0,1194,1075,119,2155,2032,123,2374,2248,126,2712,2631,81,2232,2182,50,2565,2531,34,2957,2911,46,279,235,44
B0128,29,000,Rural,KARNATAKA,Any other,29710,26159,3551,0,0,0,2266,1910,356,5114,4245,869,5949,4895,1054,4932,4271,661,2469,2352,117,2975,2861,114,4455,4243,212,1550,1382,168
B0128,29,000,Rural,KARNATAKA,No travel,1911555,1190444,721111,1911555,1190444,721111,0,0,0,0,0,0,0,0,0,0,0,0,0,0,0,0,0,0,0,0,0,0,0,0
B0128,29,000,Urban,KARNATAKA,All Modes,8321271,6325999,1995272,1954415,1328294,626121,1405823,1030076,375747,2050435,1591182,459253,1405936,1113559,292377,719024,591058,127966,302624,256146,46478,197965,168128,29837,180174,157306,22868,104875,90250,14625
B0128,29,000,Urban,KARNATAKA,On foot,1996515,1360090,636425,0,0,0,985071,668062,317009,662462,444562,217900,348982,247466,101516,0,0,0,0,0,0,0,0,0,0,0,0,0,0,0
B0128,29,000,Urban,KARNATAKA,Bicycle,541876,506444,35432,0,0,0,78116,72900,5216,272389,256958,15431,105815,98866,6949,40808,37073,3735,44748,40647,4101,0,0,0,0,0,0,0,0,0
B0128,29,000,Urban,KARNATAKA,Moped/Scooter/Motor Cycle,1399465,1275539,123926,0,0,0,195355,179142,16213,532727,480812,51915,325087,295467,29620,197322,181330,15992,54943,51504,3439,38695,36097,2598,16005,14995,1010,39331,36192,3139
B0128,29,000,Urban,KARNATAKA,Car/Jeep/Van,426960,348131,78829,0,0,0,33555,27150,6405,96108,76383,19725,97579,78417,19162,101213,81683,19530,42969,35553,7416,26862,23322,3540,16480,15228,1252,12194,10395,1799
B0128,29,000,Urban,KARNATAKA,Tempo/Autorickshaw/Taxi,264857,211944,52913,0,0,0,23659,18872,4787,85109,60355,24754,56337,44879,11458,35504,29707,5797,20203,17688,2515,17222,15735,1487,12550,11953,597,14273,12755,1518
B0128,29,000,Urban,KARNATAKA,Bus,1588824,1169093,419731,0,0,0,75078,51699,23379,373092,248278,124814,452785,332219,120566,328899,248468,80431,131659,103855,27804,104211,83343,20868,93503,78464,15039,29597,22767,6830
B0128,29,000,Urban,KARNATAKA,Train,96850,81810,15040,0,0,0,8205,6432,1773,15536,12854,2682,10601,8786,1815,8960,7493,1467,5014,4231,783,7909,6831,1078,36758,32000,4758,3867,3183,684
B0128,29,000,Urban,KARNATAKA,Water transport,11967,10224,1743,0,0,0,1974,1671,303,3474,2922,552,2399,2007,392,1598,1382,216,782,711,71,537,481,56,584,532,52,619,518,101
B0128,29,000,Urban,KARNATAKA,Any other,39542,34430,5112,0,0,0,4810,4148,662,9538,8058,1480,6351,5452,899,4720,3922,798,2306,1957,349,2529,2319,210,4294,4134,160,4994,4440,554
B0128,29,000,Urban,KARNATAKA,No travel,1954415,1328294,626121,1954415,1328294,626121,0,0,0,0,0,0,0,0,0,0,0,0,0,0,0,0,0,0,0,0,0,0,0,0
B0128,30,000,Total,GOA,All Modes,504426,376055,128371,116954,80111,36843,65835,49514,16321,121125,91972,29153,79723,60118,19605,53839,40644,13195,27170,21249,5921,23644,18917,4727,7719,6513,1206,8417,7017,1400
B0128,30,000,Total,GOA,On foot,76810,53995,22815,0,0,0,40641,28878,11763,24343,16588,7755,11826,8529,3297,0,0,0,0,0,0,0,0,0,0,0,0,0,0,0
B0128,30,000,Total,GOA,Bicycle,12089,11238,851,0,0,0,1785,1636,149,6193,5811,382,2172,2029,143,786,704,82,1153,1058,95,0,0,0,0,0,0,0,0,0
B0128,30,000,Total,GOA,Moped/Scooter/Motor Cycle,120840,105742,15098,0,0,0,13302,11514,1788,44135,37757,6378,25001,21680,3321,18820,16768,2052,7671,7120,551,6814,6319,495,2001,1840,161,3096,2744,352
B0128,30,000,Total,GOA,Car/Jeep/Van,28232,23146,5086,0,0,0,2791,2288,503,9365,7535,1830,5624,4520,1104,4317,3563,754,2203,1886,317,2286,1938,348,698,607,91,948,809,139
B0128,30,000,Total,GOA,Tempo/Autorickshaw/Taxi,8123,7327,796,0,0,0,873,802,71,2566,2291,275,1760,1573,187,1154,1026,128,519,479,40,538,496,42,263,250,13,450,410,40
B0128,30,000,Total,GOA,Bus,134016,87925,46091,0,0,0,5460,3496,1964,32921,20557,12364,32415,20966,11449,27923,17820,10103,15095,10257,4838,13377,9644,3733,4139,3280,859,2686,1905,781
B0128,30,000,Total,GOA,Train,2152,1747,405,0,0,0,178,152,26,297,251,46,226,183,43,244,207,37,288,219,69,415,314,101,367,304,63,137,117,20
B0128,30,000,Total,GOA,Water transport,1658,1545,113,0,0,0,403,386,17,326,284,42,198,174,24,143,136,7,65,60,5,56,53,3,61,59,2,406,393,13
B0128,30,000,Total,GOA,Any other,3552,3279,273,0,0,0,402,362,40,979,898,81,501,464,37,452,420,32,176,170,6,158,153,5,190,173,17,694,639,55
B0128,30,000,Total,GOA,No travel,116954,80111,36843,116954,80111,36843,0,0,0,0,0,0,0,0,0,0,0,0,0,0,0,0,0,0,0,0,0,0,0,0
B0128,30,000,Rural,GOA,All Modes,162354,122152,40202,38146,27274,10872,16270,11834,4436,31859,24054,7805,26117,19687,6430,22695,17032,5663,11731,9334,2397,9453,7815,1638,3586,3047,539,2497,2075,422
B0128,30,000,Rural,GOA,On foot,22330,15175,7155,0,0,0,10530,7153,3377,8158,5447,2711,3642,2575,1067,0,0,0,0,0,0,0,0,0,0,0,0,0,0,0
B0128,30,000,Rural,GOA,Bicycle,3471,3227,244,0,0,0,468,430,38,1636,1537,99,684,644,40,278,244,34,405,372,33,0,0,0,0,0,0,0,0,0
B0128,30,000,Rural,GOA,Moped/Scooter/Motor Cycle,35893,32153,3740,0,0,0,2539,2245,294,9853,8664,1189,7883,6957,926,7830,7031,799,3462,3232,230,2705,2534,171,813,761,52,808,729,79
B0128,30,000,Rural,GOA,Car/Jeep/Van,5717,4843,874,0,0,0,424,376,48,1602,1401,201,1278,1066,212,1150,937,213,462,388,74,411,346,65,166,133,33,224,196,28
B0128,30,000,Rural,GOA,Tempo/Autorickshaw/Taxi,2577,2310,267,0,0,0,214,203,11,619,554,65,603,529,74,466,403,63,250,230,20,188,168,20,101,94,7,136,129,7
B0128,30,000,Rural,GOA,Bus,51077,34347,16730,0,0,0,1870,1220,650,9243,5763,3480,11485,7424,4061,12546,8029,4517,6900,4892,2008,5844,4531,1313,2250,1833,417,939,655,284
B0128,30,000,Rural,GOA,Train,885,697,188,0,0,0,45,35,10,69,59,10,114,91,23,97,79,18,134,107,27,211,143,68,170,146,24,45,37,8
B0128,30,000,Rural,GOA,Water transport,590,569,21,0,0,0,38,38,0,145,137,8,114,108,6,96,93,3,37,36,1,27,26,1,11,11,0,122,120,2
B0128,30,000,Rural,GOA,Any other,1668,1557,111,0,0,0,142,134,8,534,492,42,314,293,21,232,216,16,81,77,4,67,67,0,75,69,6,223,209,14
B0128,30,000,Rural,GOA,No travel,38146,27274,10872,38146,27274,10872,0,0,0,0,0,0,0,0,0,0,0,0,0,0,0,0,0,0,0,0,0,0,0,0
B0128,30,000,Urban,GOA,All Modes,342072,253903,88169,78808,52837,25971,49565,37680,11885,89266,67918,21348,53606,40431,13175,31144,23612,7532,15439,11915,3524,14191,11102,3089,4133,3466,667,5920,4942,978
B0128,30,000,Urban,GOA,On foot,54480,38820,15660,0,0,0,30111,21725,8386,16185,11141,5044,8184,5954,2230,0,0,0,0,0,0,0,0,0,0,0,0,0,0,0
B0128,30,000,Urban,GOA,Bicycle,8618,8011,607,0,0,0,1317,1206,111,4557,4274,283,1488,1385,103,508,460,48,748,686,62,0,0,0,0,0,0,0,0,0
B0128,30,000,Urban,GOA,Moped/Scooter/Motor Cycle,84947,73589,11358,0,0,0,10763,9269,1494,34282,29093,5189,17118,14723,2395,10990,9737,1253,4209,3888,321,4109,3785,324,1188,1079,109,2288,2015,273
B0128,30,000,Urban,GOA,Car/Jeep/Van,22515,18303,4212,0,0,0,2367,1912,455,7763,6134,1629,4346,3454,892,3167,2626,541,1741,1498,243,1875,1592,283,532,474,58,724,613,111
B0128,30,000,Urban,GOA,Tempo/Autorickshaw/Taxi,5546,5017,529,0,0,0,659,599,60,1947,1737,210,1157,1044,113,688,623,65,269,249,20,350,328,22,162,156,6,314,281,33
B0128,30,000,Urban,GOA,Bus,82939,53578,29361,0,0,0,3590,2276,1314,23678,14794,8884,20930,13542,7388,15377,9791,5586,8195,5365,2830,7533,5113,2420,1889,1447,442,1747,1250,497
B0128,30,000,Urban,GOA,Train,1267,1050,217,0,0,0,133,117,16,228,192,36,112,92,20,147,128,19,154,112,42,204,171,33,197,158,39,92,80,12
B0128,30,000,Urban,GOA,Water transport,1068,976,92,0,0,0,365,348,17,181,147,34,84,66,18,47,43,4,28,24,4,29,27,2,50,48,2,284,273,11
B0128,30,000,Urban,GOA,Any other,1884,1722,162,0,0,0,260,228,32,445,406,39,187,171,16,220,204,16,95,93,2,91,86,5,115,104,11,471,430,41
B0128,30,000,Urban,GOA,No travel,78808,52837,25971,78808,52837,25971,0,0,0,0,0,0,0,0,0,0,0,0,0,0,0,0,0,0,0,0,0,0,0,0
B0128,31,000,Total,LAKSHADWEEP,All Modes,18489,15184,3305,3701,2988,713,9306,7468,1838,4959,4250,709,287,247,40,8,7,1,107,106,1,8,8,0,43,42,1,70,68,2
B0128,31,000,Total,LAKSHADWEEP,On foot,5412,3188,2224,0,0,0,4430,2745,1685,851,346,505,131,97,34,0,0,0,0,0,0,0,0,0,0,0,0,0,0,0
B0128,31,000,Total,LAKSHADWEEP,Bicycle,6065,5925,140,0,0,0,3232,3164,68,2669,2601,68,62,60,2,4,3,1,98,97,1,0,0,0,0,0,0,0,0,0
B0128,31,000,Total,LAKSHADWEEP,Moped/Scooter/Motor Cycle,2533,2363,170,0,0,0,1130,1060,70,1317,1219,98,64,63,1,3,3,0,2,2,0,6,6,0,2,2,0,9,8,1
B0128,31,000,Total,LAKSHADWEEP,Car/Jeep/Van,59,45,14,0,0,0,23,20,3,29,19,10,7,6,1,0,0,0,0,0,0,0,0,0,0,0,0,0,0,0
B0128,31,000,Total,LAKSHADWEEP,Tempo/Autorickshaw/Taxi,53,44,9,0,0,0,23,22,1,26,19,7,3,2,1,0,0,0,0,0,0,0,0,0,1,1,0,0,0,0
B0128,31,000,Total,LAKSHADWEEP,Bus,49,22,27,0,0,0,8,2,6,34,14,20,5,4,1,1,1,0,0,0,0,0,0,0,0,0,0,1,1,0
B0128,31,000,Total,LAKSHADWEEP,Train,32,32,0,0,0,0,13,13,0,9,9,0,0,0,0,0,0,0,1,1,0,0,0,0,7,7,0,2,2,0
B0128,31,000,Total,LAKSHADWEEP,Water transport,492,486,6,0,0,0,373,369,4,17,17,0,9,9,0,0,0,0,6,6,0,2,2,0,29,28,1,56,55,1
B0128,31,000,Total,LAKSHADWEEP,Any other,93,91,2,0,0,0,74,73,1,7,6,1,6,6,0,0,0,0,0,0,0,0,0,0,4,4,0,2,2,0
B0128,31,000,Total,LAKSHADWEEP,No travel,3701,2988,713,3701,2988,713,0,0,0,0,0,0,0,0,0,0,0,0,0,0,0,0,0,0,0,0,0,0,0,0
B0128,31,000,Rural,LAKSHADWEEP,All Modes,4560,3761,799,523,368,155,2958,2413,545,964,870,94,102,97,5,1,1,0,7,7,0,0,0,0,3,3,0,2,2,0
B0128,31,000,Rural,LAKSHADWEEP,On foot,2104,1504,600,0,0,0,1845,1327,518,215,137,78,44,40,4,0,0,0,0,0,0,0,0,0,0,0,0,0,0,0
B0128,31,000,Rural,LAKSHADWEEP,Bicycle,1286,1268,18,0,0,0,831,821,10,428,421,7,20,19,1,0,0,0,7,7,0,0,0,0,0,0,0,0,0,0
B0128,31,000,Rural,LAKSHADWEEP,Moped/Scooter/Motor Cycle,591,567,24,0,0,0,259,242,17,299,292,7,32,32,0,0,0,0,0,0,0,0,0,0,0,0,0,1,1,0
B0128,31,000,Rural,LAKSHADWEEP,Car/Jeep/Van,11,9,2,0,0,0,3,3,0,4,2,2,4,4,0,0,0,0,0,0,0,0,0,0,0,0,0,0,0,0
B0128,31,000,Rural,LAKSHADWEEP,Tempo/Autorickshaw/Taxi,16,16,0,0,0,0,9,9,0,7,7,0,0,0,0,0,0,0,0,0,0,0,0,0,0,0,0,0,0,0
B0128,31,000,Rural,LAKSHADWEEP,Bus,7,7,0,0,0,0,0,0,0,5,5,0,1,1,0,1,1,0,0,0,0,0,0,0,0,0,0,0,0,0
B0128,31,000,Rural,LAKSHADWEEP,Train,11,11,0,0,0,0,7,7,0,3,3,0,0,0,0,0,0,0,0,0,0,0,0,0,1,1,0,0,0,0
B0128,31,000,Rural,LAKSHADWEEP,Water transport,8,8,0,0,0,0,3,3,0,2,2,0,1,1,0,0,0,0,0,0,0,0,0,0,1,1,0,1,1,0
B0128,31,000,Rural,LAKSHADWEEP,Any other,3,3,0,0,0,0,1,1,0,1,1,0,0,0,0,0,0,0,0,0,0,0,0,0,1,1,0,0,0,0
B0128,31,000,Rural,LAKSHADWEEP,No travel,523,368,155,523,368,155,0,0,0,0,0,0,0,0,0,0,0,0,0,0,0,0,0,0,0,0,0,0,0,0
B0128,31,000,Urban,LAKSHADWEEP,All Modes,13929,11423,2506,3178,2620,558,6348,5055,1293,3995,3380,615,185,150,35,7,6,1,100,99,1,8,8,0,40,39,1,68,66,2
B0128,31,000,Urban,LAKSHADWEEP,On foot,3308,1684,1624,0,0,0,2585,1418,1167,636,209,427,87,57,30,0,0,0,0,0,0,0,0,0,0,0,0,0,0,0
B0128,31,000,Urban,LAKSHADWEEP,Bicycle,4779,4657,122,0,0,0,2401,2343,58,2241,2180,61,42,41,1,4,3,1,91,90,1,0,0,0,0,0,0,0,0,0
B0128,31,000,Urban,LAKSHADWEEP,Moped/Scooter/Motor Cycle,1942,1796,146,0,0,0,871,818,53,1018,927,91,32,31,1,3,3,0,2,2,0,6,6,0,2,2,0,8,7,1
B0128,31,000,Urban,LAKSHADWEEP,Car/Jeep/Van,48,36,12,0,0,0,20,17,3,25,17,8,3,2,1,0,0,0,0,0,0,0,0,0,0,0,0,0,0,0
B0128,31,000,Urban,LAKSHADWEEP,Tempo/Autorickshaw/Taxi,37,28,9,0,0,0,14,13,1,19,12,7,3,2,1,0,0,0,0,0,0,0,0,0,1,1,0,0,0,0
B0128,31,000,Urban,LAKSHADWEEP,Bus,42,15,27,0,0,0,8,2,6,29,9,20,4,3,1,0,0,0,0,0,0,0,0,0,0,0,0,1,1,0
B0128,31,000,Urban,LAKSHADWEEP,Train,21,21,0,0,0,0,6,6,0,6,6,0,0,0,0,0,0,0,1,1,0,0,0,0,6,6,0,2,2,0
B0128,31,000,Urban,LAKSHADWEEP,Water transport,484,478,6,0,0,0,370,366,4,15,15,0,8,8,0,0,0,0,6,6,0,2,2,0,28,27,1,55,54,1
B0128,31,000,Urban,LAKSHADWEEP,Any other,90,88,2,0,0,0,73,72,1,6,5,1,6,6,0,0,0,0,0,0,0,0,0,0,3,3,0,2,2,0
B0128,31,000,Urban,LAKSHADWEEP,No travel,3178,2620,558,3178,2620,558,0,0,0,0,0,0,0,0,0,0,0,0,0,0,0,0,0,0,0,0,0,0,0,0
B0128,32,000,Total,KERALA,All Modes,9352938,6882053,2470885,2237542,1480858,756684,1585756,1109038,476718,2390184,1795440,594744,1577761,1233890,343871,719719,562435,157284,291820,237084,54736,207520,170848,36672,236850,201042,35808,105786,91418,14368
B0128,32,000,Total,KERALA,On foot,2346235,1550908,795327,0,0,0,1300881,860230,440651,795043,512137,282906,250311,178541,71770,0,0,0,0,0,0,0,0,0,0,0,0,0,0,0
B0128,32,000,Total,KERALA,Bicycle,359995,351337,8658,0,0,0,49044,47747,1297,211514,206877,4637,65437,63963,1474,14271,13713,558,19729,19037,692,0,0,0,0,0,0,0,0,0
B0128,32,000,Total,KERALA,Moped/Scooter/Motor Cycle,981016,911637,69379,0,0,0,92638,85504,7134,389559,357660,31899,270772,252391,18381,140785,132612,8173,41554,39772,1782,18562,17873,689,6327,6069,258,20819,19756,1063
B0128,32,000,Total,KERALA,Car/Jeep/Van,276011,232527,43484,0,0,0,27845,23811,4034,96516,79683,16833,67269,56161,11108,38689,32306,6383,15696,13629,2067,12122,10888,1234,9981,9016,965,7893,7033,860
B0128,32,000,Total,KERALA,Tempo/Autorickshaw/Taxi,221689,204628,17061,0,0,0,35706,33894,1812,103639,93896,9743,42275,39016,3259,16730,15493,1237,6587,6197,390,4856,4650,206,3274,3171,103,8622,8311,311
B0128,32,000,Total,KERALA,Bus,2662132,1921085,741047,0,0,0,65603,45207,20396,772140,525964,246176,863108,627424,235684,492962,354355,138607,190898,143985,46913,137057,108663,28394,99772,83743,16029,40592,31744,8848
B0128,32,000,Total,KERALA,Train,183947,149824,34123,0,0,0,3669,2810,859,5139,3758,1381,5547,4221,1326,7487,5592,1895,12151,9424,2727,29950,23956,5994,108317,90422,17895,11687,9641,2046
B0128,32,000,Total,KERALA,Water transport,49347,47126,2221,0,0,0,6231,5959,272,11600,10872,728,8751,8147,604,6435,6207,228,4102,4027,75,3624,3562,62,4689,4547,142,3915,3805,110
B0128,32,000,Total,KERALA,Any other,35024,32123,2901,0,0,0,4139,3876,263,5034,4593,441,4291,4026,265,2360,2157,203,1103,1013,90,1349,1256,93,4490,4074,416,12258,11128,1130
B0128,32,000,Total,KERALA,No travel,2237542,1480858,756684,2237542,1480858,756684,0,0,0,0,0,0,0,0,0,0,0,0,0,0,0,0,0,0,0,0,0,0,0,0
B0128,32,000,Rural,KERALA,All Modes,4520998,3248929,1272069,1185932,768728,417204,792889,538106,254783,1079678,781881,297797,694534,538705,155829,332862,260497,72365,154111,124792,29319,118729,97983,20746,119677,101671,18006,42586,36566,6020
B0128,32,000,Rural,KERALA,On foot,1280131,823722,456409,0,0,0,685554,444829,240725,457855,283920,173935,136722,94973,41749,0,0,0,0,0,0,0,0,0,0,0,0,0,0,0
B0128,32,000,Rural,KERALA,Bicycle,125729,122155,3574,0,0,0,15471,14941,530,72550,70655,1895,24407,23845,562,5901,5642,259,7400,7072,328,0,0,0,0,0,0,0,0,0
B0128,32,000,Rural,KERALA,Moped/Scooter/Motor Cycle,356815,334593,22222,0,0,0,30446,28328,2118,129937,120513,9424,96224,90488,5736,58476,55323,3153,21404,20476,928,10195,9810,385,3036,2910,126,7097,6745,352
B0128,32,000,Rural,KERALA,Car/Jeep/Van,100275,86782,13493,0,0,0,10026,8934,1092,32774,27744,5030,23301,20082,3219,14099,12064,2035,6960,6121,839,5876,5278,598,4344,3913,431,2895,2646,249
B0128,32,000,Rural,KERALA,Tempo/Autorickshaw/Taxi,101233,93838,7395,0,0,0,15947,15286,661,47142,43317,3825,19118,17464,1654,8083,7402,681,3383,3146,237,2443,2317,126,1628,1567,61,3489,3339,150
B0128,32,000,Rural,KERALA,Bus,1260019,923640,336379,0,0,0,29132,20091,9041,329567,226993,102574,386778,284763,102015,239498,174052,65446,107805,81816,25989,86249,68940,17309,63661,53385,10276,17329,13600,3729
B0128,32,000,Rural,KERALA,Train,71911,58862,13049,0,0,0,1521,1142,379,2207,1604,603,2225,1678,547,2602,1951,651,4269,3342,927,11582,9344,2238,42816,36018,6798,4689,3783,906
B0128,32,000,Rural,KERALA,Water transport,23379,22373,1006,0,0,0,3033,2905,128,5362,5025,337,3937,3678,259,3159,3074,85,2352,2311,41,1658,1628,30,1990,1913,77,1888,1839,49
B0128,32,000,Rural,KERALA,Any other,15574,14236,1338,0,0,0,1759,1650,109,2284,2110,174,1822,1734,88,1044,989,55,538,508,30,726,666,60,2202,1965,237,5199,4614,585
B0128,32,000,Rural,KERALA,No travel,1185932,768728,417204,1185932,768728,417204,0,0,0,0,0,0,0,0,0,0,0,0,0,0,0,0,0,0,0,0,0,0,0,0
B0128,32,000,Urban,KERALA,All Modes,4831940,3633124,1198816,1051610,712130,339480,792867,570932,221935,1310506,1013559,296947,883227,695185,188042,386857,301938,84919,137709,112292,25417,88791,72865,15926,117173,99371,17802,63200,54852,8348
B0128,32,000,Urban,KERALA,On foot,1066104,727186,338918,0,0,0,615327,415401,199926,337188,228217,108971,113589,83568,30021,0,0,0,0,0,0,0,0,0,0,0,0,0,0,0
B0128,32,000,Urban,KERALA,Bicycle,234266,229182,5084,0,0,0,33573,32806,767,138964,136222,2742,41030,40118,912,8370,8071,299,12329,11965,364,0,0,0,0,0,0,0,0,0
B0128,32,000,Urban,KERALA,Moped/Scooter/Motor Cycle,624201,577044,47157,0,0,0,62192,57176,5016,259622,237147,22475,174548,161903,12645,82309,77289,5020,20150,19296,854,8367,8063,304,3291,3159,132,13722,13011,711
B0128,32,000,Urban,KERALA,Car/Jeep/Van,175736,145745,29991,0,0,0,17819,14877,2942,63742,51939,11803,43968,36079,7889,24590,20242,4348,8736,7508,1228,6246,5610,636,5637,5103,534,4998,4387,611
B0128,32,000,Urban,KERALA,Tempo/Autorickshaw/Taxi,120456,110790,9666,0,0,0,19759,18608,1151,56497,50579,5918,23157,21552,1605,8647,8091,556,3204,3051,153,2413,2333,80,1646,1604,42,5133,4972,161
B0128,32,000,Urban,KERALA,Bus,1402113,997445,404668,0,0,0,36471,25116,11355,442573,298971,143602,476330,342661,133669,253464,180303,73161,83093,62169,20924,50808,39723,11085,36111,30358,5753,23263,18144,5119
B0128,32,000,Urban,KERALA,Train,112036,90962,21074,0,0,0,2148,1668,480,2932,2154,778,3322,2543,779,4885,3641,1244,7882,6082,1800,18368,14612,3756,65501,54404,11097,6998,5858,1140
B0128,32,000,Urban,KERALA,Water transport,25968,24753,1215,0,0,0,3198,3054,144,6238,5847,391,4814,4469,345,3276,3133,143,1750,1716,34,1966,1934,32,2699,2634,65,2027,1966,61
B0128,32,000,Urban,KERALA,Any other,19450,17887,1563,0,0,0,2380,2226,154,2750,2483,267,2469,2292,177,1316,1168,148,565,505,60,623,590,33,2288,2109,179,7059,6514,545
B0128,32,000,Urban,KERALA,No travel,1051610,712130,339480,1051610,712130,339480,0,0,0,0,0,0,0,0,0,0,0,0,0,0,0,0,0,0,0,0,0,0,0,0
B0128,33,000,Total,TAMIL NADU,All Modes,17664784,13268660,4396124,3913942,2550725,1363217,2721784,1849320,872464,4304933,3302806,1002127,2868077,2284514,583563,1594343,1321691,272652,811569,693854,117715,589793,509837,79956,639674,566263,73411,220669,189650,31019
B0128,33,000,Total,TAMIL NADU,On foot,3312310,1937778,1374532,0,0,0,1829558,1066610,762948,1002364,559297,443067,480388,311871,168517,0,0,0,0,0,0,0,0,0,0,0,0,0,0,0
B0128,33,000,Total,TAMIL NADU,Bicycle,2057817,1926684,131133,0,0,0,348846,325574,23272,1102348,1026080,76268,378846,359793,19053,106999,101928,5071,120778,113309,7469,0,0,0,0,0,0,0,0,0
B0128,33,000,Total,TAMIL NADU,Moped/Scooter/Motor Cycle,2983866,2752009,231857,0,0,0,360491,330334,30157,1145522,1041400,104122,743245,687468,55777,415508,390357,25151,128960,122983,5977,75156,71992,3164,32776,31303,1473,82208,76172,6036
B0128,33,000,Total,TAMIL NADU,Car/Jeep/Van,496878,374716,122162,0,0,0,33279,24861,8418,129823,87519,42304,114317,83302,31015,89344,67648,21696,41118,33085,8033,38705,33547,5158,32164,29353,2811,18128,15401,2727
B0128,33,000,Total,TAMIL NADU,Tempo/Autorickshaw/Taxi,237377,194277,43100,0,0,0,19358,15659,3699,69148,48556,20592,52285,42314,9971,33888,29171,4717,17686,16233,1453,18305,17308,997,15083,14421,662,11624,10615,1009
B0128,33,000,Total,TAMIL NADU,Bus,4112084,3060889,1051195,0,0,0,111776,71013,40763,809537,503551,305986,1029330,743063,286267,858003,658145,199858,434975,350645,84330,381006,319281,61725,410783,356397,54386,76674,58794,17880
B0128,33,000,Total,TAMIL NADU,Train,384208,317309,66899,0,0,0,8448,6311,2137,25435,18438,6997,41966,31473,10493,65525,51084,14441,53896,44338,9558,59101,50939,8162,116433,103379,13054,13404,11347,2057
B0128,33,000,Total,TAMIL NADU,Water transport,78068,75290,2778,0,0,0,4577,4304,273,8365,7777,588,15836,15151,685,16320,15903,417,8600,8411,189,9467,9286,181,9101,8885,216,5802,5573,229
B0128,33,000,Total,TAMIL NADU,Any other,88234,78983,9251,0,0,0,5451,4654,797,12391,10188,2203,11864,10079,1785,8756,7455,1301,5556,4850,706,8053,7484,569,23334,22525,809,12829,11748,1081
B0128,33,000,Total,TAMIL NADU,No travel,3913942,2550725,1363217,3913942,2550725,1363217,0,0,0,0,0,0,0,0,0,0,0,0,0,0,0,0,0,0,0,0,0,0,0,0
B0128,33,000,Rural,TAMIL NADU,All Modes,5865875,4286822,1579053,1612129,1049568,562561,659867,399170,260697,1098348,768082,330266,930285,729112,201173,618237,516944,101293,333672,286798,46874,259324,225379,33945,303464,268319,35145,50549,43450,7099
B0128,33,000,Rural,TAMIL NADU,On foot,996215,516443,479772,0,0,0,494850,261719,233131,338185,157497,180688,163180,97227,65953,0,0,0,0,0,0,0,0,0,0,0,0,0,0,0
B0128,33,000,Rural,TAMIL NADU,Bicycle,561446,516625,44821,0,0,0,65106,58906,6200,282159,255498,26661,136240,128677,7563,42347,40414,1933,35594,33130,2464,0,0,0,0,0,0,0,0,0
B0128,33,000,Rural,TAMIL NADU,Moped/Scooter/Motor Cycle,652323,604439,47884,0,0,0,49252,44452,4800,202731,182554,20177,184528,172115,12413,122131,115870,6261,43412,41607,1805,25600,24574,1026,11799,11284,515,12870,11983,887
B0128,33,000,Rural,TAMIL NADU,Car/Jeep/Van,126944,81064,45880,0,0,0,6155,3647,2508,30010,15181,14829,29093,17120,11973,22661,14038,8623,12049,8548,3501,12537,10085,2452,11297,9916,1381,3142,2529,613
B0128,33,000,Rural,TAMIL NADU,Tempo/Autorickshaw/Taxi,66837,54982,11855,0,0,0,3372,2709,663,16101,11221,4880,16107,12871,3236,11466,9824,1642,5920,5382,538,6001,5630,371,5887,5588,299,1983,1757,226
B0128,33,000,Rural,TAMIL NADU,Bus,1675842,1306469,369373,0,0,0,35647,23108,12539,216355,135401,80954,381042,283273,97769,396279,315594,80685,218764,182001,36763,188755,161104,27651,216386,188026,28360,22614,17962,4652
B0128,33,000,Rural,TAMIL NADU,Train,97389,84733,12656,0,0,0,2027,1510,517,4547,3411,1136,6674,5325,1349,9767,8177,1590,10451,9014,1437,18311,16172,2139,41971,37887,4084,3641,3237,404
B0128,33,000,Rural,TAMIL NADU,Water transport,41215,39921,1294,0,0,0,2087,1930,157,4569,4292,277,8984,8668,316,9888,9706,182,4930,4834,96,4154,4073,81,4273,4177,96,2330,2241,89
B0128,33,000,Rural,TAMIL NADU,Any other,35535,32578,2957,0,0,0,1371,1189,182,3691,3027,664,4437,3836,601,3698,3321,377,2552,2282,270,3966,3741,225,11851,11441,410,3969,3741,228
B0128,33,000,Rural,TAMIL NADU,No travel,1612129,1049568,562561,1612129,1049568,562561,0,0,0,0,0,0,0,0,0,0,0,0,0,0,0,0,0,0,0,0,0,0,0,0
B0128,33,000,Urban,TAMIL NADU,All Modes,11798909,8981838,2817071,2301813,1501157,800656,2061917,1450150,611767,3206585,2534724,671861,1937792,1555402,382390,976106,804747,171359,477897,407056,70841,330469,284458,46011,336210,297944,38266,170120,146200,23920
B0128,33,000,Urban,TAMIL NADU,On foot,2316095,1421335,894760,0,0,0,1334708,804891,529817,664179,401800,262379,317208,214644,102564,0,0,0,0,0,0,0,0,0,0,0,0,0,0,0
B0128,33,000,Urban,TAMIL NADU,Bicycle,1496371,1410059,86312,0,0,0,283740,266668,17072,820189,770582,49607,242606,231116,11490,64652,61514,3138,85184,80179,5005,0,0,0,0,0,0,0,0,0
B0128,33,000,Urban,TAMIL NADU,Moped/Scooter/Motor Cycle,2331543,2147570,183973,0,0,0,311239,285882,25357,942791,858846,83945,558717,515353,43364,293377,274487,18890,85548,81376,4172,49556,47418,2138,20977,20019,958,69338,64189,5149
B0128,33,000,Urban,TAMIL NADU,Car/Jeep/Van,369934,293652,76282,0,0,0,27124,21214,5910,99813,72338,27475,85224,66182,19042,66683,53610,13073,29069,24537,4532,26168,23462,2706,20867,19437,1430,14986,12872,2114
B0128,33,000,Urban,TAMIL NADU,Tempo/Autorickshaw/Taxi,170540,139295,31245,0,0,0,15986,12950,3036,53047,37335,15712,36178,29443,6735,22422,19347,3075,11766,10851,915,12304,11678,626,9196,8833,363,9641,8858,783
B0128,33,000,Urban,TAMIL NADU,Bus,2436242,1754420,681822,0,0,0,76129,47905,28224,593182,368150,225032,648288,459790,188498,461724,342551,119173,216211,168644,47567,192251,158177,34074,194397,168371,26026,54060,40832,13228
B0128,33,000,Urban,TAMIL NADU,Train,286819,232576,54243,0,0,0,6421,4801,1620,20888,15027,5861,35292,26148,9144,55758,42907,12851,43445,35324,8121,40790,34767,6023,74462,65492,8970,9763,8110,1653
B0128,33,000,Urban,TAMIL NADU,Water transport,36853,35369,1484,0,0,0,2490,2374,116,3796,3485,311,6852,6483,369,6432,6197,235,3670,3577,93,5313,5213,100,4828,4708,120,3472,3332,140
B0128,33,000,Urban,TAMIL NADU,Any other,52699,46405,6294,0,0,0,4080,3465,615,8700,7161,1539,7427,6243,1184,5058,4134,924,3004,2568,436,4087,3743,344,11483,11084,399,8860,8007,853
B0128,33,000,Urban,TAMIL NADU,No travel,2301813,1501157,800656,2301813,1501157,800656,0,0,0,0,0,0,0,0,0,0,0,0,0,0,0,0,0,0,0,0,0,0,0,0
B0128,34,000,Total,PUDUCHERRY,All Modes,356586,276057,80529,39446,25825,13621,55352,38164,17188,120234,92877,27357,72126,59351,12775,34217,29168,5049,16022,13962,2060,5906,5238,668,8944,7774,1170,4339,3698,641
B0128,34,000,Total,PUDUCHERRY,On foot,49602,26274,23328,0,0,0,26249,14197,12052,16297,7844,8453,7056,4233,2823,0,0,0,0,0,0,0,0,0,0,0,0,0,0,0
B0128,34,000,Total,PUDUCHERRY,Bicycle,64462,57745,6717,0,0,0,9864,8505,1359,33934,29949,3985,13866,12976,890,3501,3326,175,3297,2989,308,0,0,0,0,0,0,0,0,0
B0128,34,000,Total,PUDUCHERRY,Moped/Scooter/Motor Cycle,119411,106922,12489,0,0,0,14700,12676,2024,50411,43954,6457,30502,27995,2507,14046,13245,801,4263,4044,219,1671,1587,84,1442,1296,146,2376,2125,251
B0128,34,000,Total,PUDUCHERRY,Car/Jeep/Van,8658,6887,1771,0,0,0,870,624,246,2713,1965,748,1760,1399,361,1445,1206,239,620,544,76,378,355,23,619,577,42,253,217,36
B0128,34,000,Total,PUDUCHERRY,Tempo/Autorickshaw/Taxi,7330,5152,2178,0,0,0,852,570,282,3062,1749,1313,1596,1235,361,737,629,108,361,324,37,232,213,19,267,248,19,223,184,39
B0128,34,000,Total,PUDUCHERRY,Bus,57925,38104,19821,0,0,0,2246,1078,1168,12265,6033,6232,15482,9777,5705,12655,8997,3658,6543,5158,1385,2621,2115,506,5161,4274,887,952,672,280
B0128,34,000,Total,PUDUCHERRY,Train,1589,1283,306,0,0,0,93,71,22,295,217,78,219,162,57,138,109,29,101,77,24,129,104,25,493,434,59,121,109,12
B0128,34,000,Total,PUDUCHERRY,Water transport,7062,6896,166,0,0,0,344,324,20,1018,981,37,1437,1394,43,1598,1568,30,790,782,8,841,830,11,831,823,8,203,194,9
B0128,34,000,Total,PUDUCHERRY,Any other,1101,969,132,0,0,0,134,119,15,239,185,54,208,180,28,97,88,9,47,44,3,34,34,0,131,122,9,211,197,14
B0128,34,000,Total,PUDUCHERRY,No travel,39446,25825,13621,39446,25825,13621,0,0,0,0,0,0,0,0,0,0,0,0,0,0,0,0,0,0,0,0,0,0,0,0
B0128,34,000,Rural,PUDUCHERRY,All Modes,77917,61527,16390,10194,6931,3263,10535,7585,2950,17483,13115,4368,16038,13215,2823,12769,11033,1736,6703,5936,767,1644,1461,183,1710,1518,192,841,733,108
B0128,34,000,Rural,PUDUCHERRY,On foot,11213,6491,4722,0,0,0,5961,3660,2301,3376,1637,1739,1876,1194,682,0,0,0,0,0,0,0,0,0,0,0,0,0,0,0
B0128,34,000,Rural,PUDUCHERRY,Bicycle,12172,10977,1195,0,0,0,2046,1805,241,5510,4827,683,2829,2663,166,1072,1030,42,715,652,63,0,0,0,0,0,0,0,0,0
B0128,34,000,Rural,PUDUCHERRY,Moped/Scooter/Motor Cycle,19596,18498,1098,0,0,0,1796,1666,130,5122,4709,413,5143,4900,243,4754,4572,182,1839,1765,74,396,379,17,185,177,8,361,330,31
B0128,34,000,Rural,PUDUCHERRY,Car/Jeep/Van,1383,1065,318,0,0,0,98,66,32,249,147,102,289,204,85,299,234,65,163,144,19,89,84,5,150,145,5,46,41,5
B0128,34,000,Rural,PUDUCHERRY,Tempo/Autorickshaw/Taxi,802,643,159,0,0,0,56,42,14,152,89,63,205,152,53,164,150,14,94,86,8,45,43,2,55,54,1,31,27,4
B0128,34,000,Rural,PUDUCHERRY,Bus,20498,14977,5521,0,0,0,530,304,226,2903,1565,1338,5064,3505,1559,5943,4526,1417,3636,3041,595,1008,852,156,1142,974,168,272,210,62
B0128,34,000,Rural,PUDUCHERRY,Train,230,178,52,0,0,0,9,6,3,33,17,16,41,28,13,34,28,6,23,19,4,10,9,1,66,59,7,14,12,2
B0128,34,000,Rural,PUDUCHERRY,Water transport,1611,1565,46,0,0,0,21,19,2,106,94,12,548,532,16,470,463,7,220,216,4,86,84,2,72,70,2,88,87,1
B0128,34,000,Rural,PUDUCHERRY,Any other,218,202,16,0,0,0,18,17,1,32,30,2,43,37,6,33,30,3,13,13,0,10,10,0,40,39,1,29,26,3
B0128,34,000,Rural,PUDUCHERRY,No travel,10194,6931,3263,10194,6931,3263,0,0,0,0,0,0,0,0,0,0,0,0,0,0,0,0,0,0,0,0,0,0,0,0
B0128,34,000,Urban,PUDUCHERRY,All Modes,278669,214530,64139,29252,18894,10358,44817,30579,14238,102751,79762,22989,56088,46136,9952,21448,18135,3313,9319,8026,1293,4262,3777,485,7234,6256,978,3498,2965,533
B0128,34,000,Urban,PUDUCHERRY,On foot,38389,19783,18606,0,0,0,20288,10537,9751,12921,6207,6714,5180,3039,2141,0,0,0,0,0,0,0,0,0,0,0,0,0,0,0
B0128,34,000,Urban,PUDUCHERRY,Bicycle,52290,46768,5522,0,0,0,7818,6700,1118,28424,25122,3302,11037,10313,724,2429,2296,133,2582,2337,245,0,0,0,0,0,0,0,0,0
B0128,34,000,Urban,PUDUCHERRY,Moped/Scooter/Motor Cycle,99815,88424,11391,0,0,0,12904,11010,1894,45289,39245,6044,25359,23095,2264,9292,8673,619,2424,2279,145,1275,1208,67,1257,1119,138,2015,1795,220
B0128,34,000,Urban,PUDUCHERRY,Car/Jeep/Van,7275,5822,1453,0,0,0,772,558,214,2464,1818,646,1471,1195,276,1146,972,174,457,400,57,289,271,18,469,432,37,207,176,31
B0128,34,000,Urban,PUDUCHERRY,Tempo/Autorickshaw/Taxi,6528,4509,2019,0,0,0,796,528,268,2910,1660,1250,1391,1083,308,573,479,94,267,238,29,187,170,17,212,194,18,192,157,35
B0128,34,000,Urban,PUDUCHERRY,Bus,37427,23127,14300,0,0,0,1716,774,942,9362,4468,4894,10418,6272,4146,6712,4471,2241,2907,2117,790,1613,1263,350,4019,3300,719,680,462,218
B0128,34,000,Urban,PUDUCHERRY,Train,1359,1105,254,0,0,0,84,65,19,262,200,62,178,134,44,104,81,23,78,58,20,119,95,24,427,375,52,107,97,10
B0128,34,000,Urban,PUDUCHERRY,Water transport,5451,5331,120,0,0,0,323,305,18,912,887,25,889,862,27,1128,1105,23,570,566,4,755,746,9,759,753,6,115,107,8
B0128,34,000,Urban,PUDUCHERRY,Any other,883,767,116,0,0,0,116,102,14,207,155,52,165,143,22,64,58,6,34,31,3,24,24,0,91,83,8,182,171,11
B0128,34,000,Urban,PUDUCHERRY,No travel,29252,18894,10358,29252,18894,10358,0,0,0,0,0,0,0,0,0,0,0,0,0,0,0,0,0,0,0,0,0,0,0,0
B0128,35,000,Total,ANDAMAN & NICOBAR ISLANDS,All Modes,127460,102220,25240,26079,20523,5556,28986,22789,6197,38410,30550,7860,21261,17502,3759,7737,6604,1133,2290,1951,339,1062,909,153,830,730,100,805,662,143
B0128,35,000,Total,ANDAMAN & NICOBAR ISLANDS,On foot,35011,27199,7812,0,0,0,21931,16989,4942,10006,7822,2184,3074,2388,686,0,0,0,0,0,0,0,0,0,0,0,0,0,0,0
B0128,35,000,Total,ANDAMAN & NICOBAR ISLANDS,Bicycle,6936,6249,687,0,0,0,1090,1026,64,4151,3666,485,1141,1048,93,316,292,24,238,217,21,0,0,0,0,0,0,0,0,0
B0128,35,000,Total,ANDAMAN & NICOBAR ISLANDS,Moped/Scooter/Motor Cycle,18735,16383,2352,0,0,0,3132,2716,416,8729,7433,1296,4195,3745,450,1688,1582,106,390,378,12,196,181,15,125,106,19,280,242,38
B0128,35,000,Total,ANDAMAN & NICOBAR ISLANDS,Car/Jeep/Van,5611,4029,1582,0,0,0,773,561,212,2426,1638,788,1460,1084,376,596,453,143,150,121,29,70,58,12,64,57,7,72,57,15
B0128,35,000,Total,ANDAMAN & NICOBAR ISLANDS,Tempo/Autorickshaw/Taxi,2912,1865,1047,0,0,0,497,282,215,1670,1004,666,427,323,104,150,124,26,49,45,4,39,29,10,34,21,13,46,37,9
B0128,35,000,Total,ANDAMAN & NICOBAR ISLANDS,Bus,28015,22137,5878,0,0,0,1234,920,314,10576,8234,2342,9599,7665,1934,4200,3406,794,1212,950,262,528,423,105,319,266,53,347,273,74
B0128,35,000,Total,ANDAMAN & NICOBAR ISLANDS,Train,111,87,24,0,0,0,23,19,4,39,29,10,33,27,6,7,6,1,1,1,0,2,1,1,3,3,0,3,1,2
B0128,35,000,Total,ANDAMAN & NICOBAR ISLANDS,Water transport,3406,3167,239,0,0,0,247,222,25,663,605,58,1101,1012,89,642,606,36,214,206,8,218,208,10,274,266,8,47,42,5
B0128,35,000,Total,ANDAMAN & NICOBAR ISLANDS,Any other,644,581,63,0,0,0,59,54,5,150,119,31,231,210,21,138,135,3,36,33,3,9,9,0,11,11,0,10,10,0
B0128,35,000,Total,ANDAMAN & NICOBAR ISLANDS,No travel,26079,20523,5556,26079,20523,5556,0,0,0,0,0,0,0,0,0,0,0,0,0,0,0,0,0,0,0,0,0,0,0,0
B0128,35,000,Rural,ANDAMAN & NICOBAR ISLANDS,All Modes,70384,56719,13665,14935,11669,3266,18372,14219,4153,17584,14279,3305,10495,8675,1820,5623,4898,725,1812,1586,226,797,702,95,538,491,47,228,200,28
B0128,35,000,Rural,ANDAMAN & NICOBAR ISLANDS,On foot,23405,17830,5575,0,0,0,14696,11096,3600,6687,5175,1512,2022,1559,463,0,0,0,0,0,0,0,0,0,0,0,0,0,0,0
B0128,35,000,Rural,ANDAMAN & NICOBAR ISLANDS,Bicycle,5903,5336,567,0,0,0,956,898,58,3607,3204,403,891,825,66,253,231,22,196,178,18,0,0,0,0,0,0,0,0,0
B0128,35,000,Rural,ANDAMAN & NICOBAR ISLANDS,Moped/Scooter/Motor Cycle,7229,6463,766,0,0,0,1553,1339,214,2374,2071,303,1627,1462,165,1121,1064,57,297,288,9,129,123,6,61,55,6,67,61,6
B0128,35,000,Rural,ANDAMAN & NICOBAR ISLANDS,Car/Jeep/Van,2404,1818,586,0,0,0,287,216,71,755,540,215,705,517,188,429,341,88,105,92,13,54,46,8,44,42,2,25,24,1
B0128,35,000,Rural,ANDAMAN & NICOBAR ISLANDS,Tempo/Autorickshaw/Taxi,1191,879,312,0,0,0,191,110,81,605,438,167,188,150,38,117,101,16,39,37,2,22,18,4,18,15,3,11,10,1
B0128,35,000,Rural,ANDAMAN & NICOBAR ISLANDS,Bus,12113,9713,2400,0,0,0,425,319,106,2962,2312,650,4090,3267,823,2989,2463,526,943,766,177,396,327,69,219,187,32,89,72,17
B0128,35,000,Rural,ANDAMAN & NICOBAR ISLANDS,Train,54,44,10,0,0,0,11,10,1,18,13,5,16,14,2,4,4,0,0,0,0,2,1,1,2,2,0,1,0,1
B0128,35,000,Rural,ANDAMAN & NICOBAR ISLANDS,Water transport,2609,2468,141,0,0,0,213,194,19,467,436,31,754,694,60,580,566,14,196,192,4,187,180,7,184,180,4,28,26,2
B0128,35,000,Rural,ANDAMAN & NICOBAR ISLANDS,Any other,541,499,42,0,0,0,40,37,3,109,90,19,202,187,15,130,128,2,36,33,3,7,7,0,10,10,0,7,7,0
B0128,35,000,Rural,ANDAMAN & NICOBAR ISLANDS,No travel,14935,11669,3266,14935,11669,3266,0,0,0,0,0,0,0,0,0,0,0,0,0,0,0,0,0,0,0,0,0,0,0,0
B0128,35,000,Urban,ANDAMAN & NICOBAR ISLANDS,All Modes,57076,45501,11575,11144,8854,2290,10614,8570,2044,20826,16271,4555,10766,8827,1939,2114,1706,408,478,365,113,265,207,58,292,239,53,577,462,115
B0128,35,000,Urban,ANDAMAN & NICOBAR ISLANDS,On foot,11606,9369,2237,0,0,0,7235,5893,1342,3319,2647,672,1052,829,223,0,0,0,0,0,0,0,0,0,0,0,0,0,0,0
B0128,35,000,Urban,ANDAMAN & NICOBAR ISLANDS,Bicycle,1033,913,120,0,0,0,134,128,6,544,462,82,250,223,27,63,61,2,42,39,3,0,0,0,0,0,0,0,0,0
B0128,35,000,Urban,ANDAMAN & NICOBAR ISLANDS,Moped/Scooter/Motor Cycle,11506,9920,1586,0,0,0,1579,1377,202,6355,5362,993,2568,2283,285,567,518,49,93,90,3,67,58,9,64,51,13,213,181,32
B0128,35,000,Urban,ANDAMAN & NICOBAR ISLANDS,Car/Jeep/Van,3207,2211,996,0,0,0,486,345,141,1671,1098,573,755,567,188,167,112,55,45,29,16,16,12,4,20,15,5,47,33,14
B0128,35,000,Urban,ANDAMAN & NICOBAR ISLANDS,Tempo/Autorickshaw/Taxi,1721,986,735,0,0,0,306,172,134,1065,566,499,239,173,66,33,23,10,10,8,2,17,11,6,16,6,10,35,27,8
B0128,35,000,Urban,ANDAMAN & NICOBAR ISLANDS,Bus,15902,12424,3478,0,0,0,809,601,208,7614,5922,1692,5509,4398,1111,1211,943,268,269,184,85,132,96,36,100,79,21,258,201,57
B0128,35,000,Urban,ANDAMAN & NICOBAR ISLANDS,Train,57,43,14,0,0,0,12,9,3,21,16,5,17,13,4,3,2,1,1,1,0,0,0,0,1,1,0,2,1,1
B0128,35,000,Urban,ANDAMAN & NICOBAR ISLANDS,Water transport,797,699,98,0,0,0,34,28,6,196,169,27,347,318,29,62,40,22,18,14,4,31,28,3,90,86,4,19,16,3
B0128,35,000,Urban,ANDAMAN & NICOBAR ISLANDS,Any other,103,82,21,0,0,0,19,17,2,41,29,12,29,23,6,8,7,1,0,0,0,2,2,0,1,1,0,3,3,0
B0128,35,000,Urban,ANDAMAN & NICOBAR ISLANDS,No travel,11144,8854,2290,11144,8854,2290,0,0,0,0,0,0,0,0,0,0,0,0,0,0,0,0,0,0,0,0,0,0,0,0
,,,,,,,,,,,,,,,,,,,,,,,,,,,,,,,,,,,
Note:  1.  Workers who were engaged in some economic activity but were not Cultivators and Agricultural Labourers or engaged in Household industry are treated as 'Other workers'.,,,,,,,,,,,,,,,,,,,,,,,,,,,,,,,,,,,
"          2.  ""No travel includes not reported"".",,,,,,,,,,,,,,,,,,,,,,,,,,,,,,,,,,,
